user_id	name
A26AVD5D1SNXIN	crystal
A2MWA7HFUXV8J8	Jcardoso
A7QILJ0KFTUEF	Amazon Customer
A2VEP9IKAW8YBE	Amy
ARXHSWN3RMN93	Dr. KB
A79372WBA9IJM	Miss Kitty
A2Y9VQ0FGLJHWL	Nicholas
A3F2GE88HD8MDC	Jim M.V.
ABU93V5LFXTV1	Dani
A3EHQECWIRDPZ4	Kay Zell
A2H2K1FKI9COQ6	gouttedeplui
A1UFPZUUATIGXF	RedCarpetChic!
AJ9AE2BVND0GS	RETSmile
AO9G5HQYQHLHP	Crissy
A173YMJ9XFVRSY	Amazon Customer
A1UQBFCERIP7VJ	Margaret P.
A28WXDXJA1P0MC	T.C.
AFYLPYJ7AORLR	Girlnextdoor223 
A2B3A8NQIHITO8	P. Costello
A1K1ZKOHP4RQTW	MinorPentatonicAddict
A2VZJKNHWE9B4N	Amazon Customer
A3SN8H1V126IIY	Joki
A2B8GXSCB1R05T	Zack Davisson
A2J557IQKW3GCP	Mrs. Lac
A3KHWY7T46BBAP	Erica
A2E0TJ49NACDBA	DelusionalAngel
A1FMWLZ9YY91XI	K. Kasabian
A12ENBT314RFXR	Patricia Ferdig
A32E70RVY374ZK	bekki
A2ATHY1VLNANIL	C.Farago
ASHMBNORPUHAK	Lori ATL
AMS2CPERWN7JV	Eric Byers
AUZ3EJAU37NC5	OLT
A1MD9AEU9C4WJN	uniq
A7QQCZK96JMS6	Kelly Zimmer
A38FB414U3B72L	TINA STOCKLEY
A3HVX4YYJLXAFD	Beauty addict
A2YDJ928L04Q1C	AnnML
A3094EPI56GKZ6	Kristen B
AJRNC98E2ADGL	AngieG
A3JUHP1E3WUHEA	Dr. Stuart Gitlow
A2JNO9OR8FGNR4	MusingCrow
A3OC93X866Z8TB	Summer Girl
A33ROMADEKHQ4V	SAS
A3HG5MZ9QJMINU	USLOESJE
A6G24O29K0P6R	Eduardo Serer
A3AH1V1W7J98WZ	Debbie
A1TV61AKAPGSMP	Wade T. Orloski
A89ZZKNDFQH23	Delaney
A3Q0U1143BFYTU	BJT
A1STC2PCXN65A1	Shari
A2B9G3FN56R86G	Nolan Moskowitz
A2FI3GQHTBZC5	Jesse K.
A2H667ZUNLNTF1	Wendi Barker
A1R3IUM1KVYK5I	Rana
A35Q0RBM3YNQNF	M. Hill
A2L77YQRAEA1YZ	ELLE
A7H3BAK83N2TA	BH
A1UINGIK3UG77D	Suzanne R. Arnholt
A14MSHFCXPARFS	A Romero
A1278GKNIB8UZ	Rachel  Taylor
A3091RP0SPZLMN	BB
A1TN2EZ7S2FTH2	Midwest Yvonne
AMLA0B6EHD4OS	Stacey
A29Q8R8DW9V6H3	Bonnie Moon
A2ZGPAIV64KOYU	Curious Epicure
A1IH42TUIZ2XJL	The Gabster
A351804L86H9Z6	Christy Moynihan
A29C0Z6BY8HB9H	Mom of three
APPJNVNF4BFLB	Connie P
A3QGVH7WIATOSP	Brittany
A2T9EHCUD7CNEB	Karie Hoskins
A6UV1YIY6LVOI	Amazon Customer
A38KO3KKR7GF4V	Polly026
A24FOXO7AZ7V87	Larry Schwartz
A3EW0V38Z8JVBI	 Indiangirl 
AVO94A66EQGFH	snorkie
A3F8A11FLWKOJS	SenoraFlood
A12DQZKRKTNF5E	Andrea Polk
A2VAWEULL019JO	talltreesinc
A3TJ9NCZKS46LL	pink1015
AEMYLEFZCRX5S	Veronica
A1OPZ3BUTEL47R	Just My Op
ADFLBRY00Y70G	Matt
A11K70GWSB7A5Z	Nicole Del Sesto
A38BE06WWL20AY	CorpGovNet
A33XGGQCEAIBWF	Peaches
A2WB7LZ595CR50	J
APR52YKQ7EZVV	Summer
A3JTJHOO15A3NU	Roma Grey
AM3Y7XXIDRUPI	JA
A1P297U2LS0JHR	des
A2VHQDJBZH0Y7P	RedReplicant
A1X1ASMQZESS3Q	Theresa
A5FIJ2TSN0QWZ	Wellingtonian
A1WMP19X59ADQS	Maddy
A2DWCU3P8AEKZP	Beth H. Porter
ACVS8I9T74237	koko
A15EREQSX2JBZH	M. B.
A194K60CWZ371J	Elly
ATYUQROTHLNYV	Happy Reviewer
A25QIF834WW9GQ	Iris
A276HKHAM5VK53	brenna coopersmith
A3DZSPA2Y48NMG	Ice cream lover
A2Q87SAW72XHBB	VR Kid
A2YCLJNOE7JGCW	Tina TBR Etc.
A16WPA6JV83YXT	Sandra Trolinger
A1501C38OCSEMA	Glamma and Lil Bit
A1BCRICL4UUBC6	M.Mishler
A1M04H40ZVGWVG	Laura R
A1R4241KZGQIG4	ALR
A2PD27UKAD3Q00	Wilhelmina Zeitgeist
AFHYEO3Y1IIDD	Maximum Verbosity
A1BTNPMESS99PL	Nunya Biz
A1IHTJWYBLU17P	Gina Burgess
A3SH6CQYS8FHB	Lindsay
A17TASZJT6Y39D	Mr. August
A3QNL2SYBQ2ZS2	emily
A1VABWDOUQLULZ	S. K. Harrell
A3PFZA9XC59D2Z	Customer
A3GE1HSX7QGME1	Debbieg
A1A4YGDZRUFQFS	Jenn Surprenant
A2WE93LJX8PMT1	A. Hansen
A34IE5594AE20I	Melissa B
AZQKNX6F8S84Q	NYKelly
A67O76LTCO01K	yuya
A2NH5PVVBWTTQK	Kathy R
A368H9GFY1JCYC	Will&#039;o&#039;the wisp
A2V98TS4QDDCG9	Parajunkee
A1EKCH0FI00Q1J	Swig
A353U0L2HAMSHV	Cricket
A1CDRFH2UVIDIQ	Cheyenne
AANBV13XF1JD4	Chrissy Lux
AU1I8VGB7D254	MC XXVI
A30Z0GG96D11EO	Sofia Hernandez
A2A9YAF0YD42NS	Exit Buddy
AM83WJG9BE2EP	MaryBookSwarm
A2AVMEB8PQOTTE	Robert Riggs
ASODUN15U3MLP	flowerchild
A1RIBFSYNG0DQE	Leddy
A22YTUDL95N29U	Dee
A1OMXVXXP07F05	D. Couse
A2TO2BN3P4C00L	Music Fan Jeff
A3QYDL5CDNYN66	Verita
A19XC6Z95GK5AB	Nancy
A110RS7QL8Q1UX	Jonathan Pedrone
A1ZHN4UGF3T55Z	Michelle Ferrell
A19YOYY7FLQMA6	Tante Maren
A35OQ90FU3P52	Pugwump
ASBKP2FY961VO	Bonnie Maynard
A1E7BYP6JGDUHD	Anonymous
AP6L54VTCJKCQ	Ardeal
A22PHKFFVGZ9X6	lisa_north atlanta
AR0ENM97GNFS8	Sufian Alsharyufi
A234X1MVIMPMMC	Akima Rolle
A2CY5UPGEPR12F	Savvyshopper
AXNJFYJRDK7CJ	Megan Bostic
A2IOZ71FUD9024	Emily Watson
ABTQPLD1K7839	Laura F.
A2DVGHWV0UZLVK	inmyownLayne
A3ORV1QBL4K9U1	Meijer Bjorn
A3DS0VAXL90E26	Avid reader
A1T4SUED31GCHG	Cheri
A3VGSA71W3ZPM5	Jane Hinrichs
AQ63ZV8M31WL3	bnb1031
A117XUS2KI1M04	Mike Zombie Prepper
A28TV838J24262	Princess
APYAPE8TWN8XC	Ouiem
A1SLHI58I09T1K	Annie
A2XIOXRRYX0KZY	B.L.
A7ZUY93SQIMVM	Mimi
AO7OKX2B4O7CA	Jennifer
A38Z8ZXX1BPFRL	Melodie
A3LE7HI0VUFLE3	ashley
A1VTOFY4N47RGF	Marilyn T.
A3VCQX0VZV9I7L	Big Anthony
A3PXFEOWKRCUZX	Kayla
A1AG7F4Z1EOO5L	DDee
A1HW72TSGGCGOZ	KT
A1XEZIHQIUAOR1	Monika Matthews
AC7UJP1OQ1T2A	Suzy Finello
A2DYW9Y2D8E43L	Wile E. Cayote
A3847X9XD27OSL	joyfulfoodie
A3UKWQS8SRW6IO	OrchidSlayer
AQ5JEZH7VX679	JFC2001
AQIBFWWA8UWKF	Amazon Customer
AP0O3EO7ALT63	MZ
A21TJVRUHT41X	Shoozy
A17AHTCKJ4SUT0	Suzinne Barrett
A2MJ8OL2FYN7CW	 Lynne E.
A2H2I5FY1PUHP1	Boilermate
A2V2I83BSJPCFS	Amy C.
A3CSWP37MF334K	InNormal
A3B9C6MZAFC1JX	FogCityBookGal
A2P652CXM82IH6	Tiffany
AXHETL0M8XZPT	OpheliasOwn
A2AE75HDESZFN4	B. D. Patton
A1BH1VKHCYHGPR	PORTIA HOLLIDAY
AC6LV5D2RKTIR	Michigoon
A1KSC91G9AIY2Z	RYW
A3TMBYDFP1B9DM	Nicole
A33VI944SO2YCN	Squeal
AOPXAQV9GT9XO	Mystic Manifesting
A37BC154GF7ETV	PJ Brown
AAIMHUYO3NWCX	Amazon Customer
A3E2U597OBS9ON	Stef
A3TAF7M58DN46F	Kindle Customer
A2DQGD2M6EZRS6	JJ
A38KK0SZYEH5UD	Busy Executive
A70NFM6KHU24F	Trevor Burnham
A2F244OGTONA15	Kimberly A. Smiley
A34AQGD2E6H0S7	Mahawk
A1OF72PQR4MII1	W. Chang
A24RCBRDXRXR0Y	James A. Nichols
A25TNBMJ4ZO7RD	Mmm
A2FNBD43DEZPM3	Bargn Hntr
AGRCUD7B2MXPR	Millenial in Seattle
A2TOPNOYV52Q8K	Judith Paley
A39A4OQT77H4HX	Stephanie
A1RXH3XWSYIB1M	Amazon Customer
AFT0V3RMHG8F5	Lisa DiAmbrosio
A1KDM0N4UCEPHA	I Love Jellybeans
A2Y33L0JWOMR4E	G. Morse
A3GUK4RWXKHS9I	Barbara McArthur
A18JAF91FTLN9H	Sandra Stewart
A3PH249MRUMLAH	Maria M.
A1Y39T2CT36YL0	Resips
A1IHK8GL1ESOND	americancarol
A93GW5XX51MAP	YaDyRRa
AVU1ILDDYW301	G. Hearn
A3AWV00ZU7MSK1	Succinct  Reviews
A231LBC8EGPO5L	OutlawPoet
AC5DFMPT2E0K2	Ahri
AOGM0FZJXFUHV	Mom of 3 young boys
AQCJWSMSURQI2	A Customer
A343ZOGUM56IC2	Seatsuz
A2AGOAOL5NFEUP	GamezGurl
AU0LLORGK9IDR	julesinrose
ADYZOSTF9LZLD	ShawnaLanne
A2YB7DLC3FOR7W	Pamela V
A2VR6BK6U3080V	M Knight
A3QDMBLXIPSVOI	Cameron
A2HMB1IEBSGSHJ	sneaky-sneaky
A1MFMWKPTDFZE8	Stephanie Johnson
A2I5QH4F5FDKK5	*rose*
A2A4IIRGAEXUXC	Ayesha Smith
A217CC8F7N5717	 JOKE
A31RULW0KNYJ5H	LA
A2Q8GFSEUSGJ51	SW
AT9U5ZE5OO84C	M. Kooiman
AX5ZDQUSZG8MI	Allison Kuta
A1E8XXAKINL0B1	Heather LaRee
A2N7F6VT2SQDYZ	Jenny Smith
A1ZCYC0RHTRMZF	Kristin J. Johnson
AS7SB0A3QKVQV	Andromeda
A4O8WIX9NXLEH	Ichikirei
A2IMGHMF0LO151	DACHokie
A1TS45JWJVOSSW	Old Sparkie
A3HLZAGW84MWLS	Amazon Customer
ACJ9N7ED37HXS	kstars
AOAOARIH72UWI	jt
A1SXCGBJ9JW2MO	S. Templar
A3MMMEQYQFE7II	Grace
A2EXGRAA6QW96Z	J. A. Bell
A1P5UV6LO4YC8S	sheepdogchick3
A1G4KDEM2V5376	Rebecca J. Hallen
A29P9NU4QNFFZL	Lucia H.
A3NPVNPMXN8L2G	R. A. Barricklow(Scaramouche)
A8X4UHGLCDNBW	Jeanetta
AFEYHFH2GH0QZ	AJ
A1I6U5AQAT3ZG9	E. B. MULLIGAN
A1F9Z42CFF9IAY	phototristan 
AZ0PCEZUTF5QO	Leah Berk
A3N4VTNFPMTHEF	James Lin
A1X2B7H1P11DXH	Mimmi
A4OTYAYS5X61E	Victoria Chase
A2UXLUXR4XUMEP	pam s
A2NSKJ0R6AEG0P	dw1556
A3AHDR4F2J7YXX	Caliaha
A2G865VVNGP6E	HSanchez
AS8N98SK8HBMI	MindyMouse
A17O7FT0JX5B72	K. Simpson
AW4MT9WP95TVD	DonMac
A19SDJ2TSSL8HI	K. McGee
A1QXE7OX7MSL2H	M. Gondek
A1VMKL0UTFXJ3V	Onlylove
A2701UXI8QGRHE	L.A.L.
A3JJUCWQK3RP2V	Justin Stephenson
A159B1DZK24I3K	Elle Ross
A2HNOQBIAAOZU	Kll799
A27FB97X0COTAH	Trainer Lady
AWXQORMZ3JY4P	LVesper
A1LINA8MCSONQL	Radar626
AM18CU72YEWH5	A. J Terry
A2503LT8PZIHAD	Trouble
A2WTV2ZI6KWDP5	Nina
A1X6ASXO8F7A9E	Samantha Smith
A2KOVJ269YNR6M	Ella alford
A0976794S8VOYNT78YEM	Karen L.
A28TWWUAWFVCTR	Never pay retail
A307YFSORUAXSQ	NYCPickyMom
APVEFBIJPTYWU	spacefrost
A2JZ8T64YZDQSI	~purplemoon~
A2RQ0AT4XZUIXL	Dr. Cathy Goodwin
ACQYIC13JXAOI	Tooncesmom
A3R9AE276DZL5M	lalto
AEG3I82BVE2ZK	Michael Cornett
AKFTIYUSRKQVE	Gabrielle Gilbert
A58N07M0ZCYMB	Valentina
A2HHAV29CZ1OIE	TheProf
A2GI8X394RLF83	Ana Maria
A9X2MLWQOALBW	TommyTooTechnical
A3MDA891A1EPT8	Chris W.
A1EMN4T3ROJDOO	Karen E. Koch
A15T487HNTIOF7	Tessa
A2UQC2G6BOM9E9	Amanda Michelle Holmes
ABLLHG0REGFX7	Zellie
A3MEMX0XF00TBD	delicateflower152
A2D4FQHV506EPB	319
A2MKKH27I1UU7P	Katie
A3U1WPDQLP9CQ	Amazon Customer
A1VGXHHR08G044	D. Coral
ASFW4ZMNZJKDA	Mainiac
A3R9X003XW0LNR	Deborah V
A25KKXUQQ0OLWB	Lynn Ellingwood
A1F7YU6O5RU432	Where the Sidewalk Ends
A3B6E2WUEKE9WK	Meep
A2GJX2KCUSR0EI	Sneaky Burrito
A1MXO11GL94AX9	AusE
A30R8VFR16RE32	K.C.
A3EFSLEMHNPP6A	Senor Zoidbergo
A2VH0UT5EQFB6P	loveguitar
A24YNYNC6QJNBN	Laura0806
A1GYEGLX3P2Y7P	Shala Kerrigan
AC2BHILNGQJ2Q	Jamie
A2RVCF21L2NPU5	Cherise Kachelmuss
A11UJ1CHEHNEGP	ehrenwait
A1NKOYPJT8ZU8H	Amanda D.
AYQ14XGJODM9J	R B
A34TI7G4IRCORO	Jay
A22BKY1TAIN2NR	Melanie
A3LOAIRUUNO5IX	Diane Hoffman
A3RL0RFSSLJGKT	J. Hiatt
A382QYAWI6F811	spideyns
A3N4CUW4UYC9I3	MH
A2L9OPJAAEK08Q	spin_nin
A1KI3173CO6TK2	M. Buehl
A1TUV6BBJ96GO1	Bill
A2C53KWA8VVBM4	Irene
A3T97RJ08ZQ0BT	Jan H.
ALJUE2EBH9XIA	G
A2BV5EZKDX8OA2	RENA NITTOLI
A38YS1DNHC3CVC	Ashlyn
A3U5CZ3PV82JXD	Danielle
A239ER4X93L28K	Meagan Newton
A26N3O4QO1GD74	Amazon Customer
A1U8VI6I2MFEU8	Mona Lisa (M.W.)
A3FWGSJ3T3N5QW	L. Wylde
A37R3P5JFNQG8S	Karen Wilber
A3J3OCM6PPWNRY	Dinakar Sarma
AQNX0WN00JEVE	C Thilmany
ALDKBXKQW78KI	Michael
AUXNJSHAU8KIC	Amazon Customer
A3742CA0ARJOMG	jjhkrebs
A35Y40XVDNIK7Q	Amanda M. Moore
A7EU2BWLLCJY2	Jeanne Bourgeois
A1NH81HVJXIM05	nicolemarie118
A1ITBA90V0EBQ4	Dustin R.
A221FPD86E5O87	Astrida M.
ATQXIVCSUPDW	MissT
A1DW36J0ZTN8QY	German Girl with a Spanish Name
A2AVE8Q0EXDFAE	somayah mohammad
A2IYAPUAR0PTUD	Becky
A32XGYDA14KT13	FiFi&#039;s Mom
A3PP9GXEMC7O9H	D Cullen
A1NEIH01B5X6QL	K. Faasse
A326ORFY46O7CX	M. Spencer
AQO3WDKL8Q7BL	Nancy S
A224KM22RQ5CD4	Amazon Customer
A3U029B8Z5WGI2	KttyKat16
A2W9I628I6SE1U	Kort
A3V3Q2E70VWCD6	Sebastian&#039;s cat mom
A1IA0O3OYQO9LV	Unity Dienes
A3COUBI0JP5723	D. Burkett
A2I3DSACS5KI6F	Mado
A22B13EJTZKCTM	Karissa Eckert
A2XAQOWHRPY98K	Rick R. Reed
A3QL857ALV5RCJ	Tamara Thorne
A2IBUK9XJOYRJW	Cindee Peters
A2GOHBNQ58WOKC	Valerie J. Wood
A3JTLZ958Z78RC	muf
A1S7YQQGJPPFLG	Ruthie
A33JGP7NR4BV8W	Amazon Customer
A28BR2N16ZMJPT	Lorrie Appell
AIEEK7AHXKZCC	BeatleBangs1964
A6YEAHCVOHKWM	Toothsquatch
AQ7LXULTORIQU	Kelly Simons
A1SBUTPIN5HTAD	ALLISON L. ORGANTINI
A16PUD6V3KAZ0Q	B. Caruso
A210SPRGOOG2D0	Michelle
ASR3LGBNR6FSJ	lorid
AMXLMG97P1H9F	sk
A2X3L31KCXBHCL	R. Song
A21LIZOWUJ152K	Autumn
A1D336P5ENFFJN	Deborah
A3P8ZDHC7XSKSE	Ravenskya
A1H055LCNXKT1J	LxC
A3JPTQPOKO6TVO	scot16897
A2W85Q0VJNPYLM	Cynthia Contreras
A12UB42W3M4FTS	Avid Reader
A7KDJ0MVYYRA0	Kiki Garcia
A2W8NQPP91206I	Carly White
A1T61QP7QHYBRQ	an honest reviewer
A2ECTCPBTOGW4H	AC
A1P59OKDQV9W68	Elaine N.
A2F5VJBFG0BF0G	AParry
A1806K4AD7LM0W	foxtrot
A217GQ496NNO1C	V. Cournoyer
A4LHEYS82MBPW	eastcoast
A2Z8HBD9WFK2Z3	RoMik
A2ZJPDH0YP90SD	InfoFish
A2H20740ZG3V7U	Susan
A21VGNU5959O85	Laura Henri
A264B6IZKTH2QU	rlb 
ABZB6K3IQMXZU	Terri Stewart
ALUV2YKWZENKK	Amazon Customer
A2ODA5DCQ7ED73	Amazon Customer
A3LQ2OIJG9BO97	Cassie
A9KLAL1CXZ0W5	E. Burton
A3RGN75LHYAG8U	Memly
A2V9DTXTQ5YIMK	me Perdue
ASB37ZYP0PZ0J	Jackie keisker
A10VTKMX0HUEJK	Jennifer
AOTMP0OKJOUWI	Emily J. Morris
A28I98PKHZZKVB	 S.Trasny
A2XAKGRUHIE2ZA	P. Stein
A1GED14ZDLSLKU	Melissa C
A2TCALF1IX7S42	Rita Real
A3DHWMWIDS2XX5	Sharon D.
A24U6WGBZ4P74W	Jennifer Miller
AGEKVD8JPZQMT	Matt
AK8LOFYRZJJW0	C. Wollin
A2YUGPUW2HGNCU	MarriedToThat
A2K75QOCP9ZHSL	A. John
A1V9PARPFDQH55	Rickie
A1VCPMT1RRS7K0	Matt and Jessi
AMNNPDX9MFEUD	Steve
A2KO6M61XQQVCU	Michael
A1U5JW2BP2DXTZ	briana
A1P4F6HIXU6WYE	Lee Mellott
A2YG3QYP5BFNYG	Pus
AEASNN4Z1IWB2	Kristine Hale
A1TH5UXT33E7RC	Rabid Reader
A1DNXL8BIR5R8R	Elisabeth Young
A3CBCVHIK3G76X	Debra Brinkman
A2PU5IDX61XJ7A	Deborah Price
AHN86VFJIJ2JP	Chicago Book Addict
ANYWPIGSTKRO1	barefoot rabbit
ADY836HK6QSYR	ardnam
A1ZEAKUA45EEBK	Foxxy
A3BGKQY5MNVM8S	Rachel S.
A3I53LMLZW8GUC	ST
A3OXM4NUGQKIQ0	Kula
ATJV9TWMRNF8K	Cathe
A3T7XVG3AXJF61	K. Miller
ATW3ZP91LID5R	Jane
A2Y8IDC1FKGNJC	TosaTat
A1KXONFPU2XQ5K	Stephanie Manley
A33HIV8RXRDM88	Kanishk Rastogi
A1DPDDPNK8HKV1	C. Andrews
ALBPPZ969I5CM	Bea
A9XJ6GVTNDF2X	Molly V.
A3DZFEICHK5LF2	Just Trying to Help
A2KUUIJ52MWDAS	K. B. Fenner
A1QK0XCAPHIW1L	Lazy Day Gardener
A1IOSNSY31L5EI	Rowan
A19L0NX40VAU3S	Gina
AN62VG516BIOU	bheckel
A2I05FGBTCRRB8	mom shopper
A2SSV6KM3W1VFD	Happy In Life
A3M8R4JD1SIS76	Mary Cooke
AHFGCH8LANEZK	Dana G.
A3RNKF0QK2M1R8	Amazon Customer
A224O69F7AVXDR	Daniel Weitz
A2PANJK25TC3CU	Leslie Robinson
A2K4HN6EECBNR3	Jean Katherine Baldridge
A1FVWVS8CRIRBO	Kira Stammer
A1YCV76MUFESR1	Anne-Marie G
A8WAYVOKYBLO6	Darcy Pennell
A1KI02CUM1WC3W	David
AIK0G28AWIL17	DJY51
A399EX3UULKLU2	E. Deliz
A24VYB9EXSWSQI	JoJo
A1E50L7PCVXLN4	Colinda
AZ26CDSJ363AH	nycgirl
A2JMJVNTBL7K7E	Yesuaini99
A2G8D1VN3MVB6F	Dr. Jones
A9BM5GD4ASCMD	Patrice W.
A199FRO0YFMGED	Olivia
A2U6GHU2EMC5M5	Rawim
A1X2LENOF84LCQ	Diancatzdogz
A3SLC8F6VIWXIR	John T. Horner
A1CKAZZ3Z647NA	FJL
A26EQ8U96JA92T	StyleSnob
A39BGN8JA7CIFX	LoveBooks
A2LMQA2P6GNYQO	Zach Bergson
A2QB0TIWFCUYIL	Taylor Austin
AQCQ5F0OJXMG9	Crystal Starr Light
A20JY8RL920U8H	Dondi
A28FJ93TJSSQS4	LMS
A3H7BO1T97SCAX	Laura Hernadez
A1VS1LL905P5L5	Hyytekk
A2AF0NOCM71J0B	M Cox
AMYRCTEW5AR4C	Sheri
AS6ZM65L0AG3T	sfdesiree
A2OWID6GQD7SRM	anonymous
A1VTBADV3JS1EC	Randi Morse
A3AZI828WJN1CD	Becky (in NOLA)
A30NNLD0AT6J8T	Paul G. Atkinson
A38KYGR07SUF21	jen
AFTFND8CPQ34M	Autumn
AENH50GW3OKDA	K
A1GASYTBITRWV1	AndyFan35
A14L2638XC00EZ	Monica J. Kern
A1IW63HLRVK62L	MosMma
A3PVCWI9OXBBLW	Louie
A2JFL163HUJZG3	EF
AVL5IDEE8YA3D	Rachel McElhany
A1EVV74UQYVKRY	K. Groh
AYUF7YETYOLNX	Bryan Newman
A2NNH35DIY658	S. Cohen
AT01W4M7O2N24	Jesica Williams
AT0E6UBVJMJ6W	Ms Winston
A1JOCKX0DBY0D5	VintageGirl
A2FBPS1P12N24T	Medianvalued
A1XJOSJN6FHFO0	Shirley Priscilla  Johnson
A33NZ692P7BZ8Q	M. Lee
AGXF4W5GTK7MM	deborah h.
A3M3W5GV0HIQK4	Melissa
A2CISZ4JLKQRJA	C. Richard
A3IOCPLIMYDBCD	Hummingbirder
A3L2T9Z5QYJYFM	Sobad
A2PJYNJ7NPE4BA	sfdk
A2F8X61SB7F73B	lyn
AGZBL86KVR68L	Cat J
AEC90GPFKLAAW	Lisa Kearns
A2ZY3S7SD3QO8Z	Anonymous
A3DKP8M0GSP8UK	SAM
A5BJMAHZWGJ7N	Melaina Lara
A28N2AWOVO2PB	Simon Cleveland
A2V0I904FH7ABY	XNOR
A357B3PUHSVQA	Y. R. Wu
A1T8FNJK6T5RUP	Lamar
A175WOXLHJ9N5G	Kate Dunn
A23O8T3LNL9YY8	Trish :-)
A1MELG1UFSXAMV	Caroline N.
A3KNJ386MRBPZC	Larry
AT28RL25Q2OLK	ReconScout
A39ANVSTOM4L6H	Elizabeth
AL1708MTIB1MD	BookWorm
ALYZJ7W14YS26	iiiireader
A3BE480SRW37EK	Chelsea Elizabeth
A2M1MNG7G40V85	Surface to Air Missle
A3JTUS0UZG6V9T	Lori Rhodes
A1O2QIQK2OR5TC	Joel L. Watts
A3D140J4JTAKSZ	Sher
A3MLY0K05WU4F6	SitaRam
A34T6SD5HUGLCJ	Corey A. Balazowich
A3NSTXT3F7CKW8	Jennifer Xu
AACR8PZRSFG3J	Lifestyle by design
A1RXG5MXNYPBKJ	Ava
A14638TGYH7GD9	Rebecca Haden
A12E0Y0J6584RT	Desiree
A2MSQNPTNAAGL1	Paula G. Cannon
A15T9G38F589KM	knitting ninja
A1QS1B2IW9SWHC	Honey
A3E6PP8643YYDU	Uhapi Beauty
A2Y1NEVW8N54DZ	Marie-Josee D.
A3QS776PDEZ773	Amazon Customer
A1ZK5LC434CIYJ	Y
AX0ZTNX6KVJ40	J. Jones
A2W959D3BSFS7U	Noe
A2CF66KIQ3RKX3	Vivian Deliz
A3NIHCBCOWK4X5	Jen M
A3DES8CHOO4UH0	Carli Messina
ACUGBCEADYT6D	Booklass
A22RIIYSPA3EDH	R. Eye
A3NPETMZXGIG65	DooleyNoted
A2PP6U0R0FZUW6	Carmen Dukeman
A3L7RTXALWMO30	karen k mahin
A3QKYFU781YTKU	Sue B
A22E56DQ8FTP36	KM
A281NPSIMI1C2R	Rebecca of Amazon
A3ITW2IFP6I0NK	Gerby
AUDPHTF2KH1JS	CF
A1QAPTV4YS16N9	BlondiePhD
A1D5RCOILPC9LX	Yolanda S. Bean
A2TPAF8C8EXPH8	Marie
ABQWMANK4AR63	JDThird
A3GJRZ7FN51LMK	Faizah
A2D2JE8JC3VNW2	K. Davis
AKPG8VQBS0MWR	Old Coast Customer
A2KWE2ZM1EEBGJ	Sarah J.
A1RLP0R1N8H8C4	Kitten Kisser
A3MOZLFHIOG5YV	MigasPT
A5GPH59NDWJRB	Space Salamander
A1WKQ94M45D8MG	Denise Crawford
A13NJZ1M018A7C	Kris
ANEEEFP4BL7ZX	Lynda Lippin
A23GFTVIETX7DS	Debbie Lee Wesselmann
A2M14CFAMF8J7I	Techie
A18GJ9MYYO6GCQ	Just ask me!
A3F2926FPOBNL	Amazon Customer
AY3AVLL5IWW9	Russell Fanelli
A3C0ZGHGJNYEMM	California consumer
A37USOKUTI724H	Donna Capshaw
A3VZH0PWLQ9BB1	Tom Bux
ALD6CN9ZUE7KK	Coxoa
AZ90LWO8QPGV1	HW9001
ARARUVZ8RUF5T	Kim L
A1LJT1UMMNEMGF	hardworker
A44OY8EFDM4IP	Tiffany A. Harkleroad
A2K89R0B20LYHB	Christine
A1CCMW354ELJ3U	PasoCreek
A2IACU8LJ1FCKE	Ursula
AG8DPYVTLT2C2	Jean Turicik
A22M6JJ3EVP3W7	Becca
AEMSGB00FL3YO	Honest
A1H0A35HJMGVKQ	pink power ranger
A2BVNVJOFXGZUB	J. Howard
AKMEY1BSHSDG7	J. Arena
AUOKN045TLJQ	Gregg
A1MU2YMN78CADQ	Teresa A. Windmiller
A12066XBJS20IF	Carolyn Spann
A2F35SS0RKWSO2	Utah Mom
A1Q1T811N4IY3Z	W. Simpsen
A1UHKF1UQ3EGW4	Charles Thompson
AH8SVUY191DSF	Pamela
A2CBIGEQKMTZ4O	Sharyn D.
A1ZV5SF171FFMK	Lenoire
A2UI38UXH48SCX	Hilda
A3CG93783LP0FO	Nacho Libra
A27CTW0GPEE0AZ	Firefly
A1DD5LYFQ3ZAOK	Laura I
A1ZNCMFIECPTVT	T. Ruth
AXYO5J5D0M0SD	Sarah
A1BDARA133DP91	TomSTPete
A2Q2A6JKY95RTP	Raul G.
A2UM324B00HBC8	Hens&amp;amp;Roosters
A1YX6S4I5GG5VK	The Modernist Medium
A209XHC20QAYM	weathered1
A312UBIOP091MH	jeanneserenity
A1JTTI1KH3DOCY	Doggymcnuggets
A1O6I7294KOSP1	Chris in St. Pete
A18L48UCHSWBQF	T
AFICF7DKHTQ87	Amazon Customer
A20XBV5UO5ZS2S	DJLA531
AJ9VB45YRX8C9	Amazon Customer
A1XIRB17MOLXPB	Judy in CA
A3RDRB33M4U8ZH	Ashley
A2VJJ2POCLMED7	Marshall Carter
A1NOV41485TE0D	Stacy W.
A1437CAM9CNC1E	Kate August
A1UYMXFON06KQ6	Christie
ATSFY4UITEOEJ	CMS
A1KGCBNUMKYV7L	bertthetroll
A1143YEAZYMYHJ	RicoTX
A1ZYG2KYW3Q107	sonja
AVJJ2D4G5I0Z4	Michael A. Behr
A2OAD5Y7MXUOFZ	Laurie A. Brown
ARCNPR5YHHP2X	Amazon Customer
A2W2E6BPPYZO0T	Kindle Customer
AY6A8KPYCE6B0	Tyson
AZA595ZPIG240	Parker Knight
A2JVBJUU2DL0WA	Patrick
A1HOLJW15Q5S5V	James John Hollandsworth, M.D.
A1Q08H4B9QGT2N	Christy
A37IRE9GZ0CZ7I	Aliza Hausman
AUAI9MEBEBLL7	S.D.
A1JXRXYVSUAW6I	Sotto voce
A34TNH973Q9XT0	Serena Reed
A3KPR2UOBT0O2	Great
A2GPJR489OIH42	sb-lynn
A2IMLOJ2Z2QEU2	Storm the Penguin
A1AD4XP47VS56Y	Foodie1
A1382NUB0AKHTK	Mitzi
A1ZH5ULI4SBO48	Happy Camper
A3P8N3YORM08CA	Jay
A30X750M8V1XXW	Scott
A1JFYDF90M3WF5	FFMOM
A35N3SH07179SH	Lisa R
A2349I3TN1EX38	BritBee
A2V55J9CCQCOG0	Lynda
AS68XCKL7QZUT	newbie
A2F0E69BAX0T0T	Dan Leithauser
A2UXU5DDCYN4GP	Judi Munk
A2OCDK0BOW6UCY	Antigone Walsh
AG6TX1ZJHLMO7	W. Dietrich
A1HHPA73HHGABZ	Sean Dooley
A1YVJ2CLK0L2WR	Steven Morgan
A1004703RC79J9	Dean Burns
A3M6TSEV71537G	Sibelius
A2OS3TIVAKUAHG	J. York
A2BQWD54CXBX6R	Kym McNabney
AA9FGJX4HTGPG	Peggy Romero
A3AYSYSLHU26U9	Amazon_Consumer
A3T7V207KRDE2O	SMXSteve
A148RQ0M580F8V	Robert Rice
A3U0S17XYK8XMJ	Alexander Lucard
A1JZFGZEZVWQPY	Professor H
A18TGY5T94H55U	mel
A3RGHO0Q938FRS	Amazon Customer
A3I9GQ3I0AXL4W	Cierra
A14EPTYN50XSZV	Someone Else
AA0BGTQHWKSQY	Peekablue
A2PDKSRYOJGUGN	TM
A2ZJMLZ1IA2YA9	Rachel B
A1TEUU3GL87XVV	Traveler
A1M3CSHV1X9PAS	Linzstar
A1JISH2AQDW1YW	QueenKatieMae 
A3R33KMESG0XGQ	Romero
A3HC8CNVGE854X	amazonjunkie723
AFPTZ4JS6QQKO	Jesse G.
A3JRW716H3AX14	Scott Lloyd
AF3BYMPWKWO8F	Joe MacBu
A2OX234OSU0SD1	Bishop
AV3A66BTGK2G5	Nili harary
ATANE2SC44592	Loves those books
AQY5XBYSENNZQ	Quickbeam
A363CMKRJ19XHV	Benadette
A2V5R832QCSOMX	Leanne
AS44QEHT3KSPK	banana wind
A1HQ56HXZQJ1WU	HailAtlantis
A1ZZR25X0CNOJX	slim
A21M3YYEERMG3D	Sherrie H
A3CHMHGSJSQ02J	ThatGirl
A2L6QS8SVHT9RG	randomartco
A3MZNRSDQ32UUH	imsocrazy
A1T71T5GUD8FJ3	thekcmo
A1P2XYD265YE21	Andrea
A1CWXKAC4W0GIU	Melissa Logan
A3G9GVHBAHGMUI	Mo&#039;b
A3F9CMU8KNAY1M	Susan
APMJZGHOHGXY9	Kindred
A2EHH30602WQTX	Inna
A1DH3QDZX8Z7GO	Charlemagne 
A2WBEJH71SND3T	Micheal Mathews
A3982RSH15PQGZ	Nima
A2ZY49IDE6TY5I	R PRIUS
A2WUHKA1I75SL3	WRX
ADLZKR4HKJ83S	Kindle CustomerRosieM
A2BYZFC6T5MINP	JLES
AQYEEGNRXM0P1	HHK
A67FOUJLCZPS3	Jamal
A1LRQWKGVXCJ7C	L. Lawrence
A1JBBR4MNGQ70G	Falkor
A1GIHV3V7LW85B	clevergirl5
AY49JOXTLDOG2	Jeff  &amp; Jeff&#039;s Wife 
AWCJ12KBO5VII	Michael L. Knapp
AAP42A9X4RFOL	nancy m.
A2I2ZHG8M88CUQ	Lisa B.
A1B6O7SAIYG2N0	Jack G
A3IUW081KXD3PE	Reviewer
AZA55FJD7CCZN	Between the Lines
A1IU7S4HCK1XK0	Joanna D.
A1SZOLPK06OOTX	xelysiumx
A29P65DEEZIEB0	bhesler
A35IRTPNXBD1R1	Jlisemi
A2CUWCJHUPGL9W	Kiki
A33PVCHCQ2BTN0	VW
A244CRJ2QSVLZ4	J. B. Hoyos
A11LNPG39A2ZV4	Kristi Swede
A35HOUWHAYZZN6	Hedera Femme
AXO2QG19806ER	binali
A3QIK6BB10WYE9	Caysie
A1TZHV7ZF1BP4P	kiki
A3IIQMFNRX6ZTL	Rae
A2D9VVQFYQHMUU	K. Hall
A221AYJCX6Y5WB	MysteryPoodle
A3TJSWA0W9ITYE	Emily Volenec
A3L714OY25JG33	Tessa89
A1GUX6R8DV3ZLY	L78
AVFRGWQKCNAR9	Angelica
A1HTD9BFY0Y557	Carla
A3OP1NKCMO99U2	Amazon Customer
A1RZ0J2CZZJOTX	Lori Everson
A1O3UXMAN62I6V	Liz
A2CZ98V784SRJ0	L. Perry
AX9C10JD538D9	Liviania
A26JLTTRXIY6OI	Ellen M. Jones
A3GD3SYZUN0FP6	Tif2u
A23AH7XNL9GSL1	Craisings
A2D1258ES6QOQL	Kindle Customer
A3SE4NU7AGO47Q	Justpeachy85
A3UASAIMF2R3QT	janell degroot
A7H1LWFBE905R	KWJ
A3GBARYNM6S4G6	Scottsdale AZ
A39HDNPW97LD76	D. Roclevitch
A1BEKAQQGP8CMF	Big Red
A29M09QBG9TZLP	Shana
A3GGOEX6SK1J71	Katarzyna M. (NYC)
A2W23Q4C4EEQ8Z	patti
A28DNI5SQT1ITZ	SLH
ATDE9JYCPI0L1	Alyssa A. Lappen
AWPN47SSWK1JV	Karen Nordhus
A3V55DVYU80LDS	V. Canfield
A3HCZTTUH3CW9Z	Amy Henley
A2WVF9ZQ068DN0	Living it up
A2Q582Q4S2MUGM	Boyd A. Williamson
ADS99W8WMEXZ2	Michelle Dunn
A3U52V5ZAHZZKU	Wayne Crenwelge
A2555OR8IRB30S	Pamela Cox
ADUHM8KDWZCWK	Jeannette Parada
A2NICGGIGIFU22	Misuzmama
A1M1Y5UGONAW06	Jody
ADYK8EVS9WDB0	Amanda Gonzalez
AJK65L94VOWHP	Debra L. K. Maslov
A318IDAWJ9ZYAY	Ariaceliz
A3PWPNZVMNX3PA	rareoopdvds
AB9LV3BWK3O4K	Linda S.
A2OQYSTYR8SSVQ	Rk Star
A2TXMYYGSZCSZ1	annie
AOP2ZRNSHY2Z3	Andrew D. Lossing
A226VGZWOEBPGL	Amazon Customer
A1ZGHA3IJV01BK	K-cee Kit
A3QNV9LUNM589P	raczniak
AGJN8GZ637X6P	Teodora
A25BQ9WBPFU53O	embrown79
A78Y9O0GSY28T	Tiffany Montanez
A1WIARMTYHFQCO	Lulu
A23IOT68MCMXMP	Molly Khang
AC6HYEG9JT441	avgvstvs
A33Y8C4818EJL0	Live Laugh Love More
A1A2TYI92R7T86	TS
AG71XMQGQ2UTJ	My Old KY Home
A3IUPHLK5U0MVL	JVO
A27UCU6Y2I6527	RMAC
A2D6BBQ6HFAANH	 B Mouk
A2ZGXQ566SR4FM	Patrizia
A2ZI3U3GV4WV6K	Sarah
A1V16DTJLH8Z1J	J
A3B15P9JJM9QEL	Imani M.
AWNO50ICXSK88	Michelle E.
A3FWVV13DJELLV	Ms. Read
A1V1EP514B5H7Y	asiana
A3CJ7MHAS9IMAM	Dom Miliano
A3NVB6HKMUH2NM	Douglas C. Meeks
AFDJGY68CQL2X	Snail Dealer
ADG9G023I0PVZ	Kalika Black
A3GMVCTJTHYG1F	Mom22boys
A1GNYV0RA0EQSS	Olivia
AIWN1666ZUAP9	Lori
AIBZYH7KI1AF6	MissMommy
A47Q26DA5037K	Paula
A2HMF8ZR67BNZS	Bill A. Belt
A93YMZM7YKG1G	Miss Carla
A35P9MY9132FNU	Joanna
A27FP0S5QH7GNE	IslandSandy
AQ6AGWKWMTY8H	Pam
A1IHZ7A10YDVSW	Rebecca
A1NIGUK4M2ST8	mk
AYCDZQ43FGKR	Amazon expert :)
A4BNJSZVARL5W	Mae Day
A3KDSFEH3XP990	Lisa Colla
A1EHDVLCSOU57Q	redhed
A13J2PGKNMJG1K	LegoGirl
A2PS5JKTTE6TSY	Rebecca McLaughlin
A1YPT5II83LY3I	Anaiah Shehori
A2SH6A32BE6NEV	Comp Expert
A23K3O8L45GCQE	Saffron
A3HBZYCHTIGP5S	Viking2014
A11F3YONMF67ML	Mallory
A3UJRNI8UR4871	Wulfstan
A16UMY0X6X7R03	MakeMeBuyIt
A2KXWUEUE51LGL	Redd in Texas
A1ZQKZ1K54USYJ	Sharon Warshany
AKJHHD5VEH7VG	Mindee Urbis
A1N8QW8DDT7EJH	Elayne
A1LNDUIMGLWMMT	Todd
A1C7Y31S5QXNTR	majormusiclover
A2UISZV5CTD805	marjleon
A353BBCDJQP4A3	Jen W
A2MVSV6ZFK5E2	AxAxOn234
A3K3SE4RK846WO	Nicole T.
A141W8WHW9AC3H	Robin
A1MRQ8Z7LGQ7N6	Saleh
AIC7VZ9VNYRHK	Jennifer
A3T4OHEAHOJ700	B. Colonna
A1520O7UE0HDWI	Customer1
A1DZ0O2ZXOYEGU	ProfesShanel
ADLVFFE4VBT8	Cthulhu
A27R2V3WLS43LP	Cheryl
AJL25T6NE3RDL	Riley Chiles
A2OXRXUVPXRC9H	TINA
A8PPHFW7BW5UB	SeattleSeasons
A2H7XVRD27L2QL	Brian W.
A2IYX5W3A1N3VB	Orion
A11IKWE7B29TOJ	Susie Williams
A1WOTG0N2J0ZZK	Nadira
A3HG0DNFURFXR4	CCE
A2M6J4CGEA29JI	Risa
A2UE27NXVYHIP9	Aimee Nagy
A2PMR2PIGWKCQ9	Ms. T
A2NUBL2UYWPBWR	C
A140ICK18NAAYR	K. Wilson
A5H8NA5CJ0FK4	K.
A1BI8PUEHA5CHW	BusyMom
A2R80172BBNSTA	J. Miller
A21SESEJ8E52B7	tweezle
A2ZF5B40WVBD93	topaz
ACHTDPEQYSEQL	mhnstr
A2GK5S3ZF9Y8YO	Becky R.
A1VK6EKINVYAT7	LOL
A2LAQ0UNCSXN6I	Jordan
A19KLUZ1XD3SRN	Gaby at Starting Fresh blog
A1CC3G24842BG6	Liz
A1EKWMB77ETI3Y	Ryan G. Thrapp
A38K5XHJ6G5Y16	Jerrycaffe d&#039;vita order
A3D7NKLR56DZRA	M. Amezquita
A1X3ESYZ79H59E	pepper
AL515B28C0GBP	Amazon Customer
A3GFK7F5IUF60X	Myra
A2OL0JTU0DLH6B	RDtoo
A32NZK5H2NIM13	Danielle
A100ZQDV7L8PVV	Herblady22
A2R46TPY466FDC	GraceG
A18PENJTHM1SVT	Lauren D.
A3FD3BHIUYIFPD	citymom
A3QJU4FEN8PQSZ	Grimmy
ADQXQ3AN16RCK	Susana Garca Larco
A4EG8M5Q7C7WM	Tackleberry
A265TY8TEJ5N8G	Devin
A240YCM012LJSO	Krystal
ALWI22L1YH50U	kandyb
A3LKPZO4ZSRC23	Nicole S.
AY1EF0GOH80EK	Natasha Stryker
ARTHSLN5BW5PW	Parker-Moore Family
A24FOVVEIEAIPK	Margarita Miles-walls
A2GP6XJ1V3MM3L	BumbleB
A1XIKDML1YO1WU	Elisa D
A26UNIPEVYE9DE	Becker
A25SLTMFZ9FT7U	Jangir
A1XZPFZA4CMT82	thesun2
A13E7YU3XNRNL9	Ing
A3FOSLM5G1BO63	Eugene Tenenbaum... Reluctant Reader
A1TFMR7RE985MF	Countess Chocula
A3L6DF40IKSIEC	Amazon Customer
A3LDLV1GWQJLEQ	E. Talerico
A25C5MVVCIYT5D	Natalie Dawn
A26C062ZW07V2Y	MiamiLove
AIJQU979J6UFY	Nick
A18CX8MRLUE35E	Neema
ACREHLVRC4H5B	bionichands
A34AKD96BXX0HZ	Kim w
A2K7N4FBGEHVK9	Joyce B.
AY4PKA215Z3G7	Sara
A3JCWGHCVC2ZNF	Sheri in Reho
A21BVL7PKG9BX8	Yoda OK
APD7XINUVG5AL	Rivendell
A2FYOXDW99KK00	Dorothy
A1KINZN727NS86	Courtney Rae McGowan
A23H193P451P74	M. F. Hartigan
A3VS2RYRGDW4HS	Shannan
A154UC6EHTSXAC	Andilivoti
AW7BIYHXUIZ62	T.M. Reader
A1Y7C52533BA2H	Blake Fraina
A3Z9QN0RCOHEY	My 2 Cents
A1989WJVG7DHBK	ChicagoLove
A2AGQEL3O3S9H6	Bravewarrior
AU71YJNA3E3J1	Wildcat1997
A1M0VRITABSIQ6	Paige Killinger
A2G7B7FKP2O2PU	D. L.
A12C1OTJ37UUG7	C. Jackson
A1BEDKI1OQFD5H	Pearl Johnson
A1H6SBO7R007I8	A. Reader
A38JIIHRVTSNYV	C. Eres
A3CLHWWOVI9HMM	Leaf k
AYVE4ULAGMVGT	Alana
A2WW57XX2UVLM6	Talvi
AKTK11MTN64PL	booksandbliss
A29EAHK7SP8PIP	Mellie
AHD4TRX1LXN1	Janis K.
A6X1O3A5C5FX1	Lisa Smith
AH147953RD031	Amanda
A29H57JOW1ZB1Z	Alli
A2FFWYG9YYZFA5	WLJ
A2J6PW8IUP505I	BxGirlBlazin
A2YIGODNVUPCZG	barb
A16QJ424UMZVWR	Homer
AIWSX8DYYGBJY	GNF
A2OWR5G2OAQF7C	Sincerely Yours
A36WTXJBYS3DB6	N. B. Kennedy
A2FN8FBQAKOZ3B	tlp4682
A25DU5SGL4D49Q	jennie
A3C2JQC6R2K52C	Ladyfingers
A34IBXM7E8CPWE	David Girod
A3V1AHX8P4R839	Forrest Wildwood
A26BU3ZU0R5IPF	~*~ Sunshine ~*~
A2CWIYIETNBAK3	Michael Birman
A3IR834T7AROBT	EdE
A2KUYKZP95RB0F	Linda Ostertag
A1O229NVVDJUX2	Anthony Pantliano
A1RRMZKOMZ2M7J	Susan Katz
A1DYLJWGF7AKT2	M. Malik
A3ATKSR23880M1	Picky Ricky
A1LAGS8H4A2DR7	BM
A2RMQWK75EEN7R	ConstantReader
AJID2XYGNFOOT	romulo guardia
AF50DRVCXFMJL	Joan Capassso
A1I2U8NT5J6P1N	Lisa Baker
A2CGIR426NCD3U	leonella grazziani
A3PLQMGW6OHR6R	RedneckGirl
A1WP0CG1OUSHMR	Docsal
A1JI6A2AAJK5V3	Kristine Holmgren
A1JAPP1CXRG57A	Linda Painchaud-Steinman
ACR4HKUT808U1	Ursula K. Raphael &#034;AstraDaemon&#034;
AU7VFGP9BGZ0	Oriental Barbie
A1QU1H8R28NIGX	Lillian
AK7CAW3N1XZV6	Reviewer Dr. Beth
A1M54LLOTWABKB	Katelyn Sinon
A1E7428658LMTY	Nicole Sorice
AQ8Y0VADON6Z5	Catarina Miranda
A25B8W9VSY0C5Y	Vicki Williamson
A3S0Y5GVW1CYRW	Jennifer Rae
A379IB3EYAEL5	SPARKY0210
A19A0NR7MZJ8NW	Moosa Ba Alawi
A1ZBJ03O1D78CS	Adam E. Fields
A3M2MBDA0F0U3B	Pinktrenchcoat
A2CSJAVTPSLFS6	Jenn &amp;amp;amp; Phil
A24FY1EBJ7EWLH	Cabushka
A2VBBEPR330C5C	Brian
A32JPW72EQDG1X	Mrs. Poff
A1IZJVLNMFACS6	Tanzanite Gal
AJ68F5QP3GK5S	Christina
A23P5BO1UGNIRR	KC
AFCAZIM440BI4	troy groetken
A2BU0OBCKFDUKE	Valerie M. Bury
A37APF2XOO3B5Z	M. Wanchoo
A3G7JGYNVP1O4L	Penny Means
A3D9NUCR4RXDPY	Kathleen San Martino
A18OLZIT0DGVJR	SLS
AGWWIU5K88RKB	Mermaidshopper
A3639XN4I9ED2	Natalie
A2KIVODZRTGY4U	G. Dawson
A268WAQS5WNMGJ	Thomas B. Gross
A259HHYBP6ZNJ3	joeyjhg2
A2QWEEYO8QLIMI	Fennel
A2OGN68EIOK1DC	N. Ficco
A3NHUQ33CFH3VM	Greeny
ABL3PCYAQ1Y4C	Cafali
A3CAYJJALN3CDB	crazedancingfool@yahoo.com
A1BT6TL7UCIC5Y	Quoad Toad
A3FS3FJPD3RJTD	SundayAtDusk
A29D7CG7TLY35O	yvonne hankins
A2ZHH7AK83JB5G	Susan K. Schoonover
A3SSBBEGNC7G07	James Strock
A2QNMPNXW1QAQ5	Darren
A3KEZLJ59C1JVH	Amazon Customer
A1ENECC591UAIC	Ms. Anthropy
A2SZLNSI5KOQJT	Carrie
A3MQ15651KGVLJ	Richard The Buying Hearted
A29VG90T649CSU	Sasha Q.
A2M51VLOW1V1JR	Erin Azar
A234G6UKEMMDCY	Maggie
A1XQOQ0GWJP1X6	M. Galbraith
A2IQF36UJM0GMB	Crystal S
A1V3PCKVCJ3TTZ	Henry Wolford
A2HW6NZ9TB2ROS	Meowgan
A3K9LSAB4K21EV	Jennifer Larson
A2NWGJDNN7TG1H	E. R.
AF74UAKV3Q3W0	Kathy Parsons
A1JBEME9FKIXQ3	Momo10
ASBSPNY56QD1X	SJ
A6LPHO95P3540	Someone
A342YY7GHWRUYC	Lilly
AMCAID3LTHKEC	T.L. Walker
AKAWRH6P6SR4F	Rhonda J. wilkinson
A3PTW8EKRSZLUR	Katie Washington
A39WWMBA0299ZF	C. Hamilton
A11OTLEDSW8ZXD	Connie (She who hikes with dogs)
ABX1LE2T3RJJ	Christina Jordy
A31AVXMESQRQAC	Bruce and Kathy O&#039;Gorman
A3TPT3CINOTLDM	bjk
A3S5WYWYKSAI9C	Bradley Olin
A2XM8DATMUZHE6	T fisherwomen
A32EOHLFZYXJEP	Jaylia
A2LE2MFI4QTQY4	Vicki Hale
AK3402G7FO7AY	JMK
A36HIK7UBPI0TR	Jessica Hwang
A2NML53YCHS80S	Burgundy Damsel
A1EKKSMQAOO7U3	dogmom
A2S1GTBLVBLEO4	Anne Griggs
A2O0ZDILYOJP6W	Kat Heckenbach
A32GCOTGFJ9XC3	Alex H
A1BKSLDI2V3D5K	CLEVELAND MOM
A25VWCCTZQ446	rx123
ACN76NFHYL6JK	Nicolette
AYWHCM0TJ4737	AnaBH
A1R1BFJCMWX0Y3	KO
A58F10T4OE58C	S. Montgomery
A2KP45DO3RY4RG	CheeryToes
A3O60C5513YYD6	H. J. Spivack
A2EDXS7VPY7L8Q	Jeannette Reyes
A1HWF0VV8AWJTQ	Sweet Tea
A19WEEGB05YAZ3	J. Weaver
A32GKT2BDX20YL	yolanda spencer
A2Z06I0Q4FMFHP	King
A2ZLPBWFUQPUJA	Happy Student
ALM0H3CWDI4O2	hayleymeagano
A2ZQFEW8HURDD5	JUANEAST R JONES
A1NXA6Y1T9XDUM	Ohstacy--Blog of Comfort Blogger, WTF: Wheres the Faith on Wordpress
A305XM71TF83CY	Keleigh Crigler Hadley, author of Revenge Inc.
AMS0BR4407K6Z	Sabarbs
A3P738KVXL2YYM	Mary Chrapliwy / Reviewer&#039;s Diary
A3SZ1B3N4NQNS9	S. Gent
ANM9LSZS7C67V	Keith Alan
AR3EVUQF0AC7R	morning fog
A2LOCTEN93UHSV	Amazon Customer
A3063F7PEA30IM	SArchey
A2MPXAJK3K61IY	B. Anderson
AIO4X9BRTWT9J	Pamela H.
A3LHIRT4SR3F9T	Nikki W.
A1KEK09ZA6J9P8	Colleen M. Schneider
ARPB88E6F2MFR	Redz
AZYJE40XW6MFG	A. Manning
A1GJ1IRDPBQ0DG	Angela L. Knezevich
A1JTUH8W536LMH	natalie montana
A3K9PKWXG2J873	Online Shopper
A3EJ8XHVDC0CWH	mrsmel2010
AM5G0RHY51UJV	Song weaver
A2RX62V4E2BF5Z	Celeste
A397CWU6DM3O5G	a customer
A2FQZKL2KIZACO	Ellie B.
AJ329F9H546BM	A. Koren
A7UPJYPAH73NC	Douglas Figueredo
A1TP2RW7KDI5AZ	John Werner
A36BQWQPYU6FRM	Cara Putman
A2V6W8QRKFONHX	Book trader
AR74YY08IP2WE	Frobisher
A2S732BSAE39CR	Alexa
A3TNM3C9ENUCFW	Andyboff66
A5U5T6EWH90O0	Lauri
A3E4EGAJSSL04J	Mary Y.
A2ESXEVEQB37I3	S. Dargin
AZ0O1CT77N1W7	Amazon Customer
ADVSW4W1HHYF7	scolvig
A3DPA9ARQYFJYR	Caffreys7
A2AOZQ3WTNVVOK	Lonnie E. Holder
A2JDVZNTCXKUS2	JohnnyC
A2J8DE8R94ZB02	Truth Teller
A2LAS014NSRW72	Luisa Remy
A27MGH8RM9WXT7	Mary A. Geiger
A1FUBPW8U2RYUY	Gadget Geek
A2GA64WZK8PKBC	Farm Chick
A1FWFCJU2G7TRA	KDMask
AN0U0GNJJPEUR	Nicole
A1PJW1DYGFZV99	Natallia Liashchynskaya
A26FEJTPYJ934F	Taylor Corbet
A1DQHS7MOVYYYA	H.F.
A3G2MJPURQSCBD	Big Miles Davis Fan
A3THYM7XMB8B0U	Tara
APJDB661HN4UR	Adriane Schaefer
A1DCBQD9QX2I3J	blackmarkedsign
A3E0W5O1MPW3K	AB
A1VVXGL8GI2II4	Mary
A2H2FT8WV5X6SV	Paka Paka
A45S6D1P309G9	M.B. Ketten
A2ANNQ7WTLZUD7	Julie F
A3JV4PJZD5O4NJ	Worddancer Redux
AUEW0SKOB1XYF	Catrina Thomas
AKE6DXEN3GWPC	texicanwife
A2BRTCOIW7TDYK	Miss Opulant
A3CNFV5UK26Q8A	Carina Cantos
A1E3TWWRB1Q7CS	Mrs. B
A1INBQLNQNSHTK	~Kimber~
AR2CNXO5LU4JP	Kristina
A3N1R7KXEDTW1J	Loreezy
A3LL8PH49PZUG7	Fuji
A2QWJXBD0LB13A	EB
A2LXX47A0KMJVX	M. Erb
A3BPZ2XFRLCD1S	V. Fredericks
A2TBZAC0XYHLIB	Mary
A3VBZDYGHF4NK8	Movie Maker
A1UUI7PFQ5FU4E	LoriAnnR
AZWXG6KBXXC2N	JG
ACZ1YLFIKDG9U	Debbie Eaton
A18712EH6VCYFP	heath1838
A299RHMH1M9PIW	Moderate Risk
A1TPWGBNIYJ76F	Jamie
A2L6BT1PVV9YN0	Robin
A2DXENZNO2JT4F	Mat633
A1WH5J3AP5JR7H	Dave &amp; Amy Astle
A237XY0O6V3UE	Daniel Rozansky
A3MSIMW9K5METI	dmhmm
A2CJLDPPANU020	A reader
A26X49ZG08Z1CI	MsZie
A3SCU8S8MC6S4Q	momok
A39ECS1S0CJ0X9	Amy Z.
A1SCNB4DE7XPKT	inquisitiveone
A24YATZK2JF7IR	Mitzie
A3TWBW1B17R151	Liat2768
A13WEKTB63G78Y	B
A6VPK7X53QNAQ	Zen
A4HUA3IU17AP1	mewmoo
A2DT9P6XQW3T39	Katherine Parker
AL8SSEC9U7PT1	Susan Gordon
A2VSKUR61RYPYH	kelly
ATLA5CJH0ZZHP	Terry R. Nye
A2I93OMO3ND10J	Murph
A1B95QB8NVYOSM	Tessa
A2KS0FVY2CNJ8M	Michael O.
A4LMOYHT1RO2D	Larisa Ravdel
A56VIAK488876	KateWay
A265IEMG2K5R4W	Oliver DeMille, TJEd
A2YPX6VJN8LPQZ	Lindsay
A1QGLKV2CITDCF	Gen
A2L0NZR1CSYSBP	Mrs. ChaCha
A32OWCGEXIE1EI	Texas K&#039;s
A1J5HIF41ENSMZ	Adam Wood
A16Z2OECAUX8Z4	M. Pauley
A1NQK5MH9GTJ6S	JLW
A5P60H1YBPXBE	Bailey
A26EUBG2TMWYFD	nicole  Knight
A2OJCTT5WLB2HR	Beanomly
A2WC9NFLG57W4H	Momma Mary
A9EN0S3OPP0K0	amanda couch
A3BVDW4DOLJAN0	SBCincinnati
A15Q9YEG1XPEJN	Get What We Give
A23VUM4E9BS462	Ina E.
A34W7QA4J5UTOR	K. Hill
A2G6YF27Y3NV29	Kevin J. Mccullagh
A1307TZ17X6SD2	Brooke Krinsky
A3R5GTYQ50QVMD	Steve J.
A2IQV2ITUT56A5	E. Burian-Mohr
A914TQVHI872U	An Educated Consumer
A3BM33D682B9XV	Sasha McKinley-Yunker
AGCZFGHW6FFGF	Amazon Customer
A37FFWZUGO8L7W	Francis Tapon
AOUC76JLMBP3I	Living in the City
A1PIOXOZ1AZ14U	JustThinking
A1WF3V89I4E8BR	PATOLA
A2KLA2OS6TQ2BR	Bill D
A1LY4LT62BHY1X	Zshag
AQGQXINCTPYS5	katykins
A1EDCMHXIMH0DT	MsShoppee
A39LRXD7THXB4B	M. Williams
AJD41FBJD9010	Sophie Hannah
A30YSE0M6LM61J	DashOneCharlie
A1UC3OP4QI0RRU	NAC
A3C1QYGEET3BVY	PC Mountain
A2JCJJNY43QQIV	Katy Lake
A2UT0FWM1DHKFJ	Hunting Creek
ABCNO99OFECJ0	JamieHyde
A3FD5ERJH03DBV	Adam James
A9P07NJ7UV0M	Meryl K. Evans, Digital Marketing Pro
A25SZV39AG8LUQ	scott
A7YMD8MSOBO1I	Sharon Beverly
ANJH0FF6IF99G	Sarah F.
A1ZRD3WNHP8O3T	Cee Cee Drew
A2KRRIZVD7QEDG	Shaiza
A1H7Y5XKPGT0OS	Rama Rao
A3S3R88HA0HZG3	PT Cruiser
A33UZDO4KB4S0H	J. Weber
A1RR36YKJB917S	Jan Thompson
A1ILBBI4KFQB7A	Maryam M.
A1EM5OSSM5D1R4	George Kabot
A41II52YCOH8Z	Blueski
ACVDL5QRCOPE1	D. H.
A21FWV7IMMPSXP	J. Hauck (Guerrilla Reader)
ALGI34BYWIXZG	Nishant Agarwal
AYMD77ITD15PT	Mindcrime
ADDDFVHP3CSVA	Sistertex
AESNOYBYV9WGP	Stepone
A3EZHMGGWY74HY	MommaMia
A3CQVSKPTU3PJV	L. Stabins
AD8JK9PUC5H0A	Roberta
AYR9VFT77U68X	Verouschka Perez
A17771LTRWSKQ5	Helen L.
A3DFH4CKPIT0N9	Suzanne Amara
A34109J1GZMHY1	Giovanni T.
AF6AYACNYZK47	Brittny
A3QCY8ODJBGFLH	Shalonda
A2ILVHWZE9MGYP	Amazon Customer
A365807DF8EYTN	AnnieMac
A2CGZJXBGSBI0R	Morgan H Piercy
A1FDSZISWIXH1A	Terry
AMZCZBK1EF1PV	Michael
A3EXIZWHSNVNME	Cynthia
A1ZCSSCAGBCD49	I Dont Do Reviews Anymore
A3Q9HY0LU7MN6E	N. Cousino
A3GMRYV7VAYK5Q	Georgia Mom
A1SXF48MHY0NJK	ana
A3VP3TSPGYRR65	J + W
A1CEG62GJ3BI5U	datura2002
A2BHOZILR7SY9	MustangMary
A1HUO2AXGLYHDI	LJB
A5H86XYSS0OU6	Beth Settje
A110KACX3W12L9	Bellacosta
A2YQ7M9GFU3Z65	Librarian
A2N10B0NEZKIOV	Kiki
A7EK88GF8N40F	Amazon Customer
A235NA61RC6YC1	rockisgeorge
A12LXY31MFASAL	ShopGirl
A2JAEZ0FMAMJVW	A. H.
A32MQODC8EDEWF	Brian Kim
A1A25TP5D0L22V	Kathryn Magendie
A13KW5I9IHQ039	Jessica W.
A1FT0AWHJQLMJN	J-Ro
A2V92F5R7MLCVI	wogan
A3LOGP4VA9DX46	Prism
AXVKMYWNIHK7W	3kids@home
A3M1HYKCHSN11D	Yevgenia
A23RQRX7LO7NG8	Dean Family
A1UNJ46NSB352E	Conway Stern
A1ACM1CBGORBN1	Sherry Berry
A1G60ANYI0HMEU	Jeddy 3
A39H1GO9E3YQIB	a
A1MAI0TUIM3R2X	Princess Bookworm
A3JH18T58CY65P	Carolyn Howard-Johnson
A7C77J4MH94B6	Maxwell Edison
A1DCY7A46MU8F4	Andrea Harris
A3EVVLVNG4QLI0	Marcia
AHKJ8QX765M8Y	Amazon Customer
A13V89Q8UQUKTQ	lisa
ALSAOZ1V546VT	Justfornow
A1QTHVA826XEOS	Super Mum
A2LOFS1AJM3G6F	Laura Dodson
A34ZOFAJWL9UAM	GM
A16AXQ11SZA8SQ	MamaBear007
A2QHCNJZF3I5K5	Tiffany Rose Martin
A3U1S5KR287T3I	OAT
A167ABU99FT4OC	Jonathan Bennett
A1R2N7UH4YQTN	MBaran
A28W77RPDZK7AZ	Angela
A306NASGVUDFKF	Jeffrey E
A2LW5AL0KQ9P1M	Dr. E
A1X6PXS7441VS5	fourbyfourboarder
A2KWQ64TRHB3YH	Israel Drazin
A28I19Q54MYXGV	Buffy
A2T006AT1GONGJ	jules
A2Z886R3GCDYVF	Annie O&#039;Reilly
A33WOI846MMYGI	Catherine Taylor
A1UKA7HUAQAMY	Alison Hudson
A8GR4PH5NW96V	Jennifer L. Rinehart
AHZDZ7XLCB7H5	K. Lankford
AL717X1GYM0JV	Amanda Crowe
A2FW71YE37Q2YO	JPS
A1POGCSD85PJCW	David Garcia
A1DIIT81NK45FS	Genevieve
A2YBR0BZY6HFPT	Gloria Chiaro-Lukas
AEZ3UJ35FHPHL	Christine D. Vargas
A13RTK1873ZLFS	Cassandra
A2Q3BW3177V542	J. G. Morales
A1GQAKL9CGQLP1	L. M. Keefer
A22CW0ZHY3NJH8	()
A3A5XNAM3ZW7Z6	John
A3N27L13CWJ9HY	D. S.
A1575LB2RX92AW	J. Abramson
A3RIQLKZGBQDOT	susan sainato
A2HOLM5I1ARX9J	Carol C.
A3EPJSPH03AS29	pebbles
AOZ2MGUTFOE8U	RVAbooklover
A3RZOPQ42Q50B1	Christina Paul
ABEAUXVVB2E1M	Linda Armstrong
A2B7DW8XZMRMN0	Kayla Rigney
AFYQ9V4XBVCJ1	The Rothwells
A2EF1KIQ7TMPPF	Nitty&#039;s Mom
A35Y0RSU09ANEN	Peter B. Nelson
A2KMV056844YV2	Book lover
A19XMHRB3G4DIR	AnAmazonCustomer
A0488385844WNV2OWO9X	Best of Amazon
A27FG9YUBFDU2S	Jl
AZD8SMNGQI98O	Ready for Trouble
A3TOFRVX4N9UT5	Paula Pilmanis
A3U8ENPSBFO4YG	Brooke
A3TCMJ6GKZJFBQ	HNL Bill
A2MO8QZTNYYB98	Sheri Gardens
AG0830H1DBLD	VS Grenier Amazon Customer
A290I412U46JLA	Edie
A3UZT4PB5SKD2H	ipka54
AE0337VVP8MRM	Eric B. Borgman
A1QT3N5FUQ4I47	Claire Todd
A33B3XCIXB4ZVG	Shane Lems
A2RQOO8VYAEZZG	Cupcake
ATKL8C5IQ56E9	informednow
A306GI4J03UI88	annadawn
A246XB5KJX2204	david
A5ZD6FBMZQGDS	Lisa M
A1HM4GGGNKZ37B	Viola Sanders
A1Q7A78VSQ5GQ4	Nice Lady
A39E7IWNHY62JT	Amazon Customer
A3A0F30QQGL1EW	Shahryar Mozumder
A35GHFPOGAM6YJ	M
A3FBMSWBJ202SF	amazon&#039;s fan
ARXU3FESTWMJJ	Mary Jo Sminkey
AUH792DXLWGXW	Amazon Customer
A1ZVMTIRYZQDL4	Marie Antoinette
AM0OKL6AFIBDX	L. Ramsey
A3HU9KQ2AO7Q22	Swarna.B
A3LDZ2GFPBMOY8	Lynn Kisaragi
A3MFGULNTMAJS9	Jill I. Shtulman
A1SW3YQTS0SWSR	Amazon Customer
A3GPAGEFFDWWXN	Mschel
AK6CEEE9QC2UM	Lunaire
A35IX2GE0VC0JP	FirePepper Red
A2OW1FKQFPIA5D	JJL
A319Y83RT0MRVR	AIROLF
A26LD9FQHTM8ZH	OlyNomad
A2OR94VN7XQCUO	Scott Condor
A1D7922BHITJ7X	Claudia Dunbar
A2Z8B2KA8K07DM	Lost in the Crowd
A35EYM5A6DJ713	Julia
A2Q5DZRXBR6KAT	Kat A.
A2R95Z7PTF5ZRO	AmazonFan
A122SFGLAHQLSJ	Menthol Rum
A1AF9EUGODL08I	Calynn
A11B61QBGHLQDN	Craig Stephans
A36U7QMYILRLSW	EbYoung
A3E9WG5BEAFF3T	J Hart
AV37OT7S682UW	Sandi
A8UM78SMPSHC0	Hervian Rose
A2UGQIW2UR9U4K	Carm
A2VWE5SGNDS8HW	tachi1
A3IVTAT62XST8A	SandyCB
A2JPERAV0416C3	avid rita
A3HM6KD4JINJN4	Anny
A19FRW264WZTGP	Bunson Honeydew
A2OHNA7PBBQ4C5	L Robinson
A1UMSB7LAW0RIR	LilTuscany
A2V2URLB31HG59	JT
A15OAS39003U5R	Bradley J. Brisco
A2OD11BKV2YNED	Edward Bruning
A6QG9LM5WL0AQ	C. Irish
A1WRTQBUNULI0A	Lisette S. Marquez
A3HFQT4IPBUA1P	Amazon Customer
A3NGK03GOJ1JDQ	Pamela
A12S8UQEIPZJKE	Kay
A2F540P3L6P5CL	Misfit
ACUL2NEZAYUNG	Outta Control
A1FWB3DEF3MTXG	Bryan&#039;s Mommy
A38QHZEEYZKT27	Amighty
A3AO77W3NW2N9G	Lawtooth
A2JR5ZTSYSIQYX	DLS Jones
A1XVF5DU3N05OM	Super Shopper
AM98QA93XNIKJ	Jessica
A1ZKGSDVP057L9	Mariane Matera
A3TIL1PC2ZE97B	jack wilinsky
A2MHKBRV1K48FE	Kevin N.
A3EAP2VG0BVYWX	nekojita
A10ZBR6O8S8OCY	D.D
A20RNDVGF6IOMQ	Amazon Customer
ANRXH0BVEAR6B	W Holder
A2LXC5ZHHP0WXP	Leah Maines, best-selling, award-winning author, actor, and editor
A2XH6KI5ZLRLPS	Tina (Redzworld)
AVQZ0JG8OP8P7	jade7
AJRFZ0VZ0LD26	Eugenia
A1ZPY91VE3IDN1	+or-
ALDV8DDZWWPYE	Miss Darcy
A3AUOH1G7GRM1H	Kindle Customer
A1C21QBAZ1W4Z2	Leigh
A3UW4XQPG44U5M	Sharoncrunch
A3VTOLNB5N6FVP	jj
A9419F2N03T5B	Sally Eudy
A3GTZO9OK5E3F3	Fburg Gma
A3LDZPJ6OZYIQA	Wenli
A16M7YAIAOLPW	V. Garza
A96JD9312DHWC	TBS
A14IW8OQ1BS0OB	Jazz
AGFGY4EJ37VS2	Kindle Customer
A39LRLKACX89IP	Courtland J. Carpenter
A22DAG9I1JESQP	Vivian Gordon
A3U6J0DLLDEWM2	Jason Stokes
A1M5ZT35YX6TIN	Holly Lee
AR33KU52LIBF1	Denise Whitcome
A31DVKL8JE4XAH	Sue
A3LYHZY1CPSYKA	Angeleyez
ABIVILOWVFQ9F	Nana Says
A109L3WXD1SJFU	Cookbook Gal
A335GUD1YBS31U	S. Thompson
A2K22IGDSNM0WY	Nosnivel
A2HZ3Z494VS1KG	g3 from the UP
A31I1YHJKPUCAI	N. Carsten
A2AEHBRCY7G9HE	Maria
A3R9H6OKZHHRJD	LH422
A24O15MYDNLZBE	Smart4
A1S71R4YJDJMAD	Bertha
A3744L2QRP2I8C	R. Duprez
A3UPYGJKZ0XTU4	mirasreviews
A2GANR9I6XHTU9	Amy Lynn
A1OA65HXZIINHR	JoanOH
AW4K7S5EFQ2MQ	Amazon Customer
A3U5HKDHPYBAK3	Tom T
A1I4NHYX40MFD	Cheryl
A2N85D8FRR118S	Theresa Carnavaciolo
A2EL2WXUKRU9BC	Lee
A2Q4BLV4ZEL1KI	VicG
A1I477ADGMLVJM	D. Matlack
A15DH2ICDH1MJN	CutePanda
A2IGQTQGWVL230	RJ McGill
A3F45B34YOC0QK	Mary Lawrence
A2MCC0XFURU2K2	Judah Levi
A8GV08VRRXTFZ	Light
A2H7UOR72X7F2G	Pamela Cooper
A2U64G6KP1ULRB	Alanna L
A3BZCJS4NORJQW	Avid Reader
A24IOBGALGOZCB	Shannon Zolar
A37U4HM0UG7FQ0	Roy
AUCXT9K30SHYF	Susan Johnson
ATECU14VUIOJ0	Miss Barbara
A32KZUYCAHHU63	Fred Gilbert
AA70TPDCD5D6R	cara
A24ZMNWTW8AQUR	SciFiChick
A1FPQ54AIB26L0	Mike Wallace
AT1RF4WNPGGLC	Mick McArt
A21VLPGCRFH6OF	Organizing
ATZTIU71681SO	Ria Darling
A11N2I11HJBD3E	GlamazonT
A1RX2N300NHQAF	Peggy Bowes
AZ9N3928BGQ0E	Natchmo
A2ZWTFZRNQW7D5	Jeremy Storly
A1TXHK8MONJHC3	Melanie Warnke
A3RBBLXX7BD6ZX	Simplyglamorous
A4SD8F79JBYG2	Kat Hooper
A2XSSQH4VO5B1L	Genevieve Green
A2DQVM07J28BKM	Roxy
A4EBYIKOMYFF9	E. Van Der Scratchy
A1A2F1ZOWOPNJB	Jack C
AN81JUYW2SL24	Dr. Speed
A32SV7GY4ZEMX1	Nicollemama
A3C9Q3KTNNLJJ	SouthernAmazoner
A3LLJTKU4USS6O	Felting Mom
A2JPRGJ2GVDANZ	Read It All
A28BA1RUNCWUNZ	Mikki
A25CGBLRJB6X0S	Christina
A2YCUCEYXT9VHX	Donnica Carter
A17FWYSN5GNFDH	Mila
AZSYHIK3A3KWE	Vanessa C.
A5T9Z3JIUR0RO	B
A3N876BDAQGWOU	Emzet
AE88D7OM7YU99	T Anderson
AYXGSUZEQEIFN	mae strahan
AMB2Z4FMDBWQY	VIDFAN
A2G04D4QZAXL15	xkydivr
A2VQVI5X3VTDT3	Stephanie Crawford
A3M7BCQKSQAK4L	A Family Effort
A1JEAPSES2HNVE	sunday
A39E4C7YVVQ02F	Boomzilla
A2068BC3ZXAVJQ	scesq
A27H0T39U3FZB5	P. MSakamoto
AYO1146CBIV5C	Michael Yovkovich
A23WE733QT4WGJ	Amazon Customer
AMN78P85LBO2A	SS7
A37Z3FWDW7JFDI	Melinda Lancaster
A29E6HV2DT7RCI	Onecutepoohbear
A2R30QA214XIVX	Toni Dorris
A11LZPM3Z86VWM	Karen D.
A22S7D0LP8GRDH	Jacob and Kiki Hantla
A11YA52GQ0D6B6	Caryl
A2JP9E1H0SF392	TobycW
A102V8N45CTOIC	gibbs52
A2065HBMYDXJ1S	Jennifer Bailey
AAZ5OJ2OOJ2DK	Krisilou
A3KGLXW3EYDTUH	ck
A274YXKOH9OGW6	Marilyn Kay
A2W0LMPC72GGTJ	Brian Klein
A2M34TR2T9YAXV	Lita Perna
A3ATKIU6MZZ4MU	MElise
A1B1J242B6OQK9	dessere ortiz
A330G4U4JWUVJZ	Kelly D. Lawrence
A3MY4POKX3EQEX	Judith H. Ellington
A3IE8PNBE2LPJE	lapis
A3N0KCCCE7E7F5	lexybexi
AEMTSFFDU85KB	Roxy12
A30638B9S2GOM8	DoodL~Love
A1353000WAKP87	Jamie Rose
AJX9A4Q19UTJU	Amazon Customer
AR9GZ8B7NJJPN	JoAnne Goldberg
A2BAAKZHSUGCDP	Jill Clardy
A8FKBLA05XOF0	EC
A1AKQ1YUS4BT82	Katie Babs
A6VOQ7HCFLPGP	Diane H. Westerman
A3IMK08UX0I46A	TOPJOB7
A5X1B2HBQUR3P	Vikram Ramanathan
A39X80RZSF8IYF	Teresa L Zermeno
A1VZHK5PZJP1YX	Aszijah
A3MZRGNGM4H7PI	K. L. Rosselli
A1ZZSLTEMTV4HD	Autumnesque
A5THJYNHCBX3X	Amazon Customer
A3NDUBKYPI47N2	LawyerMom
A3VL263FW0O1JL	Rivka
A39MXA4F9XBI9Y	Sarah I
AZMISC9FAUBIR	Nikki
A2SPV96SGOEO2	The Travelin&#039; H-Family
A1ECTJJ0QNQPCC	Mar
A11F5KW6QXHL8L	Lasha
A157UIVPN0NYNN	April
A3K89V3UFT052K	E Smith
A13JH2NRRR2NF6	Patricia Sullivan
A29JF6QMVW3XDD	RT
A25QBCHO0KFT0P	the old lady who lived in a shoe
AQK1T1V94EUSP	Amazon Customer
A1IDWUYX4QXTUE	Leslie
APP35M28G2U51	M. Lafferman
A1TPW86OHXTXFC	prisrob
A33QUFNY4E5D0	Pikmin
A3P0VHR9YAIR6P	jessicalee
AL8FI5X2OD33S	Lindsey
A26CPEEWB2WKRE	Phil in MIdland
AMUP8DYE7EAN2	mateo52
A2UVDPBRZTWN6S	PattyLouise
A2USX601I4L2BQ	Leese
A1FOXRAJYN7ZNF	queenk
A3G5MOHY1U635N	Eagle Eyes
A3T6HX48F66512	Fry Boy
A1DG75OT3Y49EM	ashertopia
A2ON6D6P8JM8Z3	Cindy and Bill Romano
A38VL8YAHG1RPV	Sab H.
A3P9D22KDEXVMN	Happy Chappy
A38NHXL5257E3B	Big Dawg
AYNRALJ4X1COS	Jon
A225PCLBJLHGEG	Cambridge68
A30IP5D5DLHRPA	Kyle Slayzar
A3W29QTODGMKYC	Xin Wi
A319KAPLOSIDRU	Brenda Gonzalez
A2JJGW91A6LIHU	WRKnowlton
A381MT950I6KRL	JujubeMBA
A28QX31TCIRZF6	Dawn Armstrong
A1F1SGYXCMVHF4	Blondiechick
A1QXWM5P0CT45	Grrrrrrll
A141R97FHSSUQ0	zenigma283
A3S3Y3HC9BVSMO	Cris Borges
AGJRUK27RBVYS	Ivy Reisner
A21JK1XVN7EDMT	Nneka
A19RDMX22VXXSD	Biblique
A13FIFP73X0GTR	stephaniestanzione
A3BVN2QBNPBHCR	Lincoln
A2X3ZCTZ6PUHMC	Princess
AI8SX6U5K8TN1	Deb
A30ODR6WBE61UB	Gina Pera, Adult ADHD Expert and Author
A257XGMVGITLCT	Pamela A. Poddany
A26EOYCIOA6JDV	Karen A. Sanchez
AYGEP8I4BQ3CK	choiceweb0pen0
A1L3RWD0VD0A1P	Cherie Priest
A2FC7HQW52PHE1	selvin tapia
AG7EF0SVBQOUX	PearlGirl
A1BSIL9GW9FCR2	Kristinaki
AGMNSU1CR39RR	Barbrann
A1M92239OM8KPO	momofmany
A34XNPNAD1EVB4	BUCK WINTHROP, Author of Ocean Drive-A Novel
A3MKON3VM0W1TH	Alan Beggerow
A216NSW58Q3SCJ	Christina Conte
A3IE9F9PFLNUYN	Little Booka
A2NY2OSQEVGV15	phantom rose
A2G4LKK57XMBL3	Sherry
A13H5US9Z7L9M7	Just kath
A14NA0W8ESGDSI	T.L.
A8QYRG7TW491B	Amazon_Consumer
A37RIRXE3WECZ	April Blake
A1NQOLKH5T6FOA	Vivian C. Davis
A2J6IZXSLF8VB2	JaGirl
A3P1GD23H8E2BY	Deborah Davis
ACYR6O588USK	Groovin&#039; guy
A223Y9YQIZWX3Q	Leigh Hattan
A61EY795V8S0B	Rose
A11EQENJJRH8X6	LMG
A3EWUMHYMPD7IB	WhereWaldoFindsHimself
A4L7ETIO4IDFC	MommaBearof2
A2LV8HCYHEMQ0K	JennRU
A1QPLOGZM1F7E8	Amazon Customer
ALDYWG0CPSYUF	Marilyn Dalrymple
A1SX73TKLN7DPH	MsBrown
ACN5JM2KDK72H	mhp
A3H7087YTQO9PO	Ozgard
A2F239LT1G70GB	Kits
A3VJ27010XUWTF	C. Wong
A1H4OOUVRTZYNS	Lisa Schensted
A31H39YEJEIVHX	Teresa
ABQEKKRD6WZFA	matt8386
A21B8AV7E3MPXE	Natalie V. Galasso
A3FHSLWEMH7JD8	Elizabeth G Melillo
A2GO4MLC7NCV1L	Amazon Customer P Parke
AR7EOI1I0D7Q7	Julie H.
AN2CU1YP12J4U	Mentally in Paris
A3J4FUEUXPI5A8	SH
A3HAA7H8PBVM78	Joseph Oppenheim
A2V65KWNOLRV8U	Tieying Jin
A3HZ687GB0AH7Y	Holly
AVIR4DIQYVIZC	Kimberly Alvarez
A1H5936RLPJ3B8	Patricia De La Torre
A2FI3GF4Z7QNO	Melanie A. Reynolds
A21BQ8UAD3D6VJ	Hannah
A16YU3GRGCD95S	Theresa M. Studer
A179D8LPMCGP9W	Moviestar
A1RDTA8WY3X614	karina figueroa
ACPMJP8RVC6TB	bao
A1IN5TM9AD6045	M. Brame
A9XX8OHS2ZQ2X	RNS
A3BJZ3Y8UKIQ1G	Sue K
A1XCSAX4BRT89Y	L. Burns
ATN4J5VS8Q0YM	Anna Hope
A1PI8VBCXXSGC7	Lynn
A2QVLWFBQ08FYC	jsm
A1ODOGXEYECQQ8	Nuk
ATMHYELYDBIK5	Crantastic
A1YMXGQQT7YWMN	BGrace
A3LF914GG87TWP	K. Sozaeva
A2PL0US7RN67G	Jennifer
A2CRIQOX1SYA3I	C. Taylor
A3OFOLJN35EQG8	Nathaniel U.
A35CCGJDNXUDY9	Sandra
A3SR9ULOZXWVXJ	Yaely56
A13X7XBBT1DN8U	KB
A31ZXB9VUW2HQP	vm
A39650P2CZUUC9	Bonnie Brody
A3ONDHUXJ0HFYS	lmlac
A3HS4R46MZ87RV	Mary Ann
A3EJRWOYRI5N34	april
A1SKQULOV77NT2	Inna H.
A1WKEAS58297E5	Amazon Customer
A39CGMH5A4XO7Q	Lindsay
A1E5WXNTI7EO2A	Sarah B.
AAF5D1LTFGB7L	Libby Johnson
ANLZVUO97Q1V7	buffett8080
A33SX0AD5PYD9B	Kortick
A2WB4OWBUH2VQX	HardyBoy64
A21U4DR8M6I9QN	Vintage PowerReader
A27D0VRNOOUNRR	Kindle Customer
AP3VUC7U6K16M	Bridget Beyer
A1RVV44OXXTD0	ALittleLoopy
A1ZNYZ2SM5D3HE	Robert Wilde
A3A90CELVLOUP6	Nanciejeanne
A23KSLZZ6CQJ7O	Ruth&#039;s Jolie
A3IMBPNQYEZUWC	Gina Central
ATXXM6XE0C5WJ	anonymousY
AY17MGNAV9K1J	Alia K. White
AIKJSC2UO4XLQ	Elizabeth Cardona
A113DS2A66B9VJ	Amazon Customer
A2EG5WO6VCFDQ5	rlazar
A2E3NAL9ECE7VS	H. Erickson
A1LLVL4YI9Q30C	Beverly
A3KT85K6QPMGSV	trp
A2VHKUH4DH0F37	Judith m. Hale
A67ZXSOC2XH4O	SoozeSays
A16YMCFWGSFGS9	Alla S.
A2R1HUYHXV7H18	Bugs
A2OYNAAZK2PY7V	Spencer Aronfeld
A34EQAIKKUWYYW	K. Wright
ATJ22NADXNLD9	Amazon Customer
A12GK5JUYAV0HM	M. Charles
A2S26YGSVXBCFL	Morley Dotes
AHUT55E980RDR	Neal Reynolds
A38YT9I8SQ20NI	Lauren
A19UTUEBWKIZFT	AKN
A15WSZ11YEOKMU	CalPolyTennisGuy
A3E8AHUAQEX0QH	Bella Rosa
A3BA243AM692SH	Khris W
A3OWFKDYCCHA75	J AmazonShopper
APGX3X3M19FO6	Johnnie Dust
AMBFK6N4JS5Z2	V. Hutson
A1XNZ7PCE45KK7	Ogr8ys1
A2U6LJJO67TRRN	betsy ramos
A3R7PGG5QMI6TI	Allison Kelly
A27L5L6I7OSV5B	Otto Correct
A2QRXQPHDMFCQV	SanjeevP
AAA0TUKS5VBSA	Nerd Alert
A7RFDGVXDYQLJ	JJ
A2O421DTA8J0RW	Dogs &amp; Horses 
A9FHZGXN2PXDF	valerie
A2BZ7MYTSNYMEW	Michelle L. Beck
A2STARDV5TN6HO	T
A1N11N2Z5BK281	Sabrina Crane
A1D0YC94ZS5CNO	Christina Leigh
A3HRDRQ5VAFPQS	2WheelTravlr
A3EBJDZ5N1UEI5	Patricia
A1H4OY28I9ADYL	NanaP
A26SO3TOT2TLJE	mac01
A3I5YPJZMTG1QO	Smart Blonde
A2F1P10GGZ7K2T	Super2018
A369YOM4RBUWP4	Cori
A1XR58IRKP3HEZ	Condor
A2GXAF7Q9OTTIY	Genevieve N
A2RME4353Y911C	Great Cook, Great Cook
A2BH04B9G9LOYA	Alex P.
AWJBO5XGIW8ZS	Nicki Heskin
A19Z4IDNL1MGG4	Austenparker
A3C9DK18RMNE3B	j
A3RQLF4ZK9ISDE	junie moon
ARYSDAZNRXN6G	Angie 
A1BK60GZ4QME6I	John W. Graham
A3DSF48FKLK72B	Jess
A1DULQKYC6EV1B	carla I
A100WO06OQR8BQ	Duffer.
AUV3OR951650C	Mommymemommy
AKP89K0R96VWB	Amazon Customer
A3V8ZP41Z782M9	Susan
AK9XE112RZO6Q	OA
A22RGEI19Z9AEV	Susan Byers
A1JUUPJVBDOE3O	Snarky Snowflake
A3O4RA4POHFEIQ	Alicia F. Harrington
A16EEZCPYPEUHF	Steven Walter
A13ARKH8FCOFQ0	Douglas
A2EFIUAOF4YRAN	An Avid Book Lover
A1F7OSK6UV1A3C	Anonymous
A13M9XSQ4O6NLY	Mom to 2 boys
A3POA5GUWACBD4	PVJ
AO2AQRPPSTABB	J.Park
A3S7ZJ0I6KR5H3	caligirl
A2W4014S06NAIT	Fathom
A4OT65BOPX2BR	Holly V
A3G007LQX6KGOD	SevereWX
A2XNOB1T796Y6B	ChibiNeko
A1DTCJV6KOMJOA	A*
A1LKOIZXPQ9VG0	Elisa 20
AT53ZTTO707MB	I Do The Speed Limit
A31XW1RTQ4ZG9W	C. Yates
ASJ0MKRFZC47B	Mermaid
A1YVUUHT093E0K	Denise
A3RNP5X8ZGZIEI	Stephanie De Pue
A3VGAP2KLCBNBB	Epilady
A3OZPCMM35U2EY	Amazon Customer
A1QO88MU0PYJON	Fabulous
A26R3E15OMP52T	Kristin
A10Y058K7B96C6	midnight122
A2GFX3DQ8ZHPVK	John W. Allpress
A13MKSASQ6YWL7	B.Willis
A1VOVGNX054PQC	Elizabeth von Eschenbach
A2NM6383S01M2N	Yelena Salamanca
A3B9RXJR7ENGPX	Esther Wangler
AE4AI4GHFW8PC	S. G. Lee
A181TIQPGSTYH6	tangent
A2MBLVMVDLHK1L	Gen of North Coast Gardening
A3B3XT2P0I34W4	Gabrielle Meeks
A2WCNWKJV9DQAB	Shopping Diva
A1UOP3I8BE70JJ	Amazon Customer
A1QKFWY3GTBDRY	Alicia
A3R4794K2RVU1S	Danny Yu
A2G9UDL72YUTT8	Book and Dog Lover
AGA7LFNS3YUXC	Leigh
A3CWEK9HY2VPDL	J. Green
A22CI1SZBZTN32	mkl
A2X61KKXXR6WNP	Sean Logue
A1WYKIIR1YN0CY	Pard
A5CDMTW6JKV5G	Dr. Who
A2YKWYC3WQJX5J	ShannonOnTheLakes
A3FKGKUCI3DG9U	PaulM
A2NBCCFDISGUQT	Mystery Lover
A1EXGL6L0QQ0M5	Shane O. Laake
A1VXIY1511XQK2	Jackie
AJEDVT3OSUZCF	Mick McKeown
A1UYMA2KBEZJAV	Esko
AUJPT6U07Q5N0	Heidi F.
ALBW2ZBS6Z2AY	Kindle Customer
ANHL7BB84WJMF	D. Tobin
A14E7LZASLSX36	FlowerGirl16
A1GWG5CWLKJ7ET	Robert
A29DQ5N0LMVP3H	Janet
A2QDOJFFLFGF18	michael alexander
A3CNM18PWKI1Z9	Clarissa&#039;s Blog
AQCYEZYS51OBC	CDA
A17CBPANJ3G5T9	GeekMaster
A1LXM5PZZHTT6W	Krissy
A1MUHMPF5XYTAP	L.B.
ALNFHVS3SC4FV	 Seas the Day 
A3FMPT5IH0CJ50	Lindsey Jane
A2ECM9HLMC242H	Marijr
AYB2RR9WW2OVR	Word Maven
AJXZUXN05JWXV	Jacque Cartwright
A1JOANG98KBFKU	Rachel Dawn
AI5OS4RQQIUMJ	Amy S.
A20V7N5A22F4BM	BNewby
AUAX1QWUCYKSX	Ashley S
A24OG61UCZF55	SarCar
A2P739KOM4U5JB	half fast farmer
A25NT9MZV9RTR7	nitsa
A2GY5WCU9PKTMI	jennahw
A2CJNSXZYMA4Y8	Victoria Furst
AWP3OETSAYH0V	diana
A2K2XYGCMHNV8C	Ann C
A16QODENBJVUI1	Robert Moore
A25EMUVX5WMVZ1	EB
A1UQUDT2Q0YENM	Michael
A1LG1DKUZXGJ6J	N. Beitler
AP5TZGSMF73L	Amazon Customer
A23OEXX9JTOJZY	Suzanne in GA
A1OWRLSD7LTSQ9	CJS
A2JF04EZ1ASR8M	Ajames
A3NM1MT3Q2FHXV	S.E. Poza
A2705TYWNRS495	Jh
A1BTG38XSGYLW3	Aderyn
AVTDFGJK4RSI5	Eve
A2F6NONFUDB6UK	Malvin
A16VM71BLBCMMK	TickTockAlice
A2ZFS1ETNMDUX1	Daba
A6CU6EKF6M5LY	Coffee Addict Mom
A2C27IQUH9N1Z	audrey frances
A2VAD79S4A06DD	Bookenator
A30Q7HNAJAMQXU	Melissa Owen
A3JT29L4YFEIMJ	Fred Stephen
AGICS3306D8QD	I Shop 2
AHLTB5YPI6JX1	Dame de Drama
A11440ZB6FEAKF	Megan Abel
A1ZENB34HH2EIM	SAlaska
AP9Z703TP9YCM	M. Cargill
A1N5KKDDOI2OAJ	M. Kresie
AVFJ327UXPXLF	Jerry Helsing
A1SM0G50FP7XKJ	J&amp;J
A25NCR4LJ62EZN	Dichterliebe
AJ6H9ZV7TJUUT	lizellis
A3AL9NFNWTRV39	Booklover1335
A3KDO3XV0MK1GX	Go Blue 99
A3J029KBNG5MNP	Mr. Bey
A20VAHDMLHVWG1	Notwithoutmyheels
A33230MIA3W7G4	VW Smith
A8INT3NMHRUS4	Kim Karas
A1HOLE9R6WPT85	Mad Max
A2GHU8I0P3HFRW	Wandrwoman
A16467WWAC2UNP	Mabo Tofu
A2T0MNN392O3RY	Megan Glazer
A26A64X86VL1R4	snowbrocade
A3H0K82OLZDRDT	HugARescuedPug
A2FLJCJ3SW0TUY	Brie Allen
A1W4F91DH3XPB2	M. Kelly
A1E7EX9LUM7TOF	j
A3SMR4HRFJARSC	ChristineMM
A2CNGARED6OWWU	Bluerose&#039;s Heart
A28IBOLVCSQRLQ	Amazona 1
A3MFU0GVZUVH3K	Betty Dravis
A240FRPD4MEXND	Phyllis Staff
A1OKEF8X7C0T45	Caroliiina
A1QIH7NR5YZRND	Megan Kremer
A36VWPU7SXWOFG	Vernon
A2UGT8JVH48A0Z	irwat
A1SSIDDDCCK1E	Reality tourist
A1P77JG6PMRRPK	Divascribe
A2MUGFV2TDQ47K	Lynrie
A2X2WTEVCZ5L8N	Sandy Kay
A59Y0ZV1VX46K	Mommawithfour
A279A4Y2N1CQ26	Crestviewer
A1U26DP9DM1JM3	Nancy Nova
A16NRV54CGOO69	Ask_Krys
AWIF8AR75LL9L	Colorgirl
AU4Y8JCQV2Q1U	Jacquanette Moody
A1QCULR3SQ9IIP	Terry
AW6J9IILGOZY3	Katawampas
A17E3NBADNTI3X	Amritas
A2AV75AK7M1DMW	B. Simms
A3LSOG7F3ZCJ65	glam girl
A1QBOC76MIOJYP	MyPenName
AO1LUJ8VJ03OZ	Nate &amp; Amy
AHQS3N2QQZ9N6	Tina Martinez
AJ3K3HKR9UFVN	J. Kelley
A3CW8OUDH7M079	Southern Chickadee
ABOVQ74OQRZCM	Denise Lavely
A3Q1J68QY1MZQ9	Natalie Kilpatrick
A2J8289OOT5DE4	C. Klaassen
A1SV13PG7D7SJX	Carol James
AJW0OZRACJCP0	JM
AY91MQZZR750W	MichiganTraveler
A18ECVX2RJ7HUE	Willie
ADX9NTN40T1HN	Patty MB
A1TKBDWY45OW3Z	voitel
A2HX3MWQDOM5AZ	Lynn Loyd
A3OXRFCJI67IMN	Bold Consumer
A33EGAQ0DU1QRV	RS
A3GK1O5S6188AJ	Harley
A3M16JSEXT9IKR	Deep Thought
A3JLOIXFM75QNV	Valerya Couto
A3MLM6TUGHU4RZ	Jessica
A1I3WK7TCIVW26	Mary
A1LA4K5JF78BER	Earth Spirits
A2LQ1O3IHJQPFF	Meredith
A1MDDJ2XUPZZOE	K. Cade
A1DQWNPN03IEXN	D
A2L0GS3N2CXDWC	czh
A18HE80910BTZI	Bhatta&#039;s Reviews
A25IYL8L9LZNH3	Jimmie Lanley
A19T4E1JMZFUV0	M. Miller
A2CA0CFUZS89OG	Delores Trueblood
A2B7VGVN59XJUM	NDG
APPCJX62WKIIP	Satia Renee
A3A9G2G3QB3NYM	Pamela Barrett
A2IKX7H2PLHULP	S. Michelle
A2K4MXD1N2LFJB	schmettajames
APCSV85SWASN2	Word Lover
A1QSKSNWAGXKBZ	ben-hur ranieri
A1YH6DMZOS59A2	TooManyHobbies
A1ENR0YLS6SM6L	Brenda Burke
A2RBC8IRQAZLWV	French 75
A1TZWXI835FHK	Vanina
A17JGEYNQRYMHE	Linnifer
AD1ZOPB0BBEHB	Suz
A3NM0RAYSL6PA8	Maine Writer
A35LT14WG5BX0T	Lola Bunny
A2AF225HOH0CV0	KareninCalifornia
A18DHHHRTNZAM0	Raul Saucedo
ABY77ZEHN9WLU	Ellen Etc.
A3KWR8J6CUUU63	Mimi
A3KUVPJHTGGLTB	Amy Benjamin
A216GVMBM978DE	Loves to read
A2FEM4XI55SY0W	Charlyn Gee
A277TO3PKKNYDH	Rhianna Walker
ADEZOPMPKK146	Amazon Customer
A108XP24UESKSV	E. Kay
A2SH7OWE8QJYNC	Delamaine
AAS4E02BPFAMT	AlleyCat
A3J1B9AQYC9ZM0	Debbie R. Greggs
A2N786KHIFCKJ8	Mike
A1ZO9D554VQO9F	Jadecat
AOEUN9718KVRD	Bigslacker
A32NEDX6UVV8DE	JGS
A2FNA5903D9E6Y	Carol T.
A1LUK8APLC16WK	Lynne Hersh
A34SQMSWWKU189	Rebecca21
ABOTQDXWRU51G	Alisha
AX329NHW6B7BA	Kindle Customer Abby
AVEOVIRYPMCSN	Bookworm
A1A2ATQ44P2A7Y	Roxana
A3H5QGH5OD2XGX	kim*designer
A13GZCHAMKWYBT	lizardwitch
A2RYWPOL4NN2KG	Raed Haed
A2KJQX0MK4E8GY	Susan
A3I2NABLA9HTUP	K. Wyngaarden
A3IGCB651CBUS5	Rose
A32O98PFC3OP7K	A Gamer at Heart
A1LHAXBM5GBJS2	Scooter McGavin
A3PEOF0GX4EN38	Aalea1
AGV6KOEXODL1U	Candace Hassell
AYNTULRNAIPNY	Young@Heart
